name,createdAt,pushedAt,primaryLanguage,mergedPRs,releases,totalIssues,closedIssues
freeCodeCamp/freeCodeCamp,2014-12-24T17:49:19Z,2025-08-20T16:03:21Z,TypeScript,25720,0,19827,19634
codecrafters-io/build-your-own-x,2018-05-09T12:03:18Z,2025-07-29T21:02:41Z,Markdown,142,0,822,595
sindresorhus/awesome,2014-07-11T13:42:37Z,2025-07-18T18:37:33Z,N/A,679,0,353,340
EbookFoundation/free-programming-books,2013-10-11T06:50:37Z,2025-08-17T15:03:15Z,Python,6820,0,1181,1150
public-apis/public-apis,2016-03-20T23:49:42Z,2025-05-20T15:56:34Z,Python,1872,0,712,704
kamranahmedse/developer-roadmap,2017-03-15T13:45:52Z,2025-08-20T22:29:36Z,TypeScript,3690,1,2941,2693
jwasham/coding-interview-university,2016-06-06T02:34:12Z,2024-12-05T23:47:30Z,N/A,415,0,516,453
donnemartin/system-design-primer,2017-02-26T16:15:28Z,2025-05-21T11:13:33Z,Python,200,0,339,91
996icu/996.ICU,2019-03-26T07:31:14Z,2024-10-03T12:29:12Z,N/A,1067,0,0,0
vinta/awesome-python,2014-06-27T21:00:06Z,2025-07-17T16:35:51Z,Python,544,0,0,0
awesome-selfhosted/awesome-selfhosted,2015-06-01T02:33:17Z,2025-08-17T13:42:00Z,N/A,2394,1,806,806
practical-tutorials/project-based-learning,2017-04-12T05:07:46Z,2024-08-15T05:33:54Z,N/A,182,0,209,79
facebook/react,2013-05-24T16:15:54Z,2025-08-20T22:31:41Z,JavaScript,12116,105,13990,13193
vuejs/vue,2013-07-29T03:24:51Z,2024-10-10T07:24:15Z,TypeScript,1133,249,10028,9673
TheAlgorithms/Python,2016-07-16T09:44:01Z,2025-08-19T14:16:04Z,Python,2976,0,1587,1511
torvalds/linux,2011-09-04T22:48:12Z,2025-08-20T20:33:03Z,C,10,0,0,0
trekhleb/javascript-algorithms,2018-03-24T07:47:04Z,2025-02-12T16:19:59Z,JavaScript,302,0,366,229
tensorflow/tensorflow,2015-11-07T01:19:20Z,2025-08-20T23:09:08Z,C++,35940,219,40735,39838
ossu/computer-science,2014-05-04T00:18:39Z,2025-07-17T02:38:25Z,HTML,298,0,652,638
trimstray/the-book-of-secret-knowledge,2018-06-23T10:43:14Z,2024-11-19T14:00:38Z,N/A,122,0,0,0
getify/You-Dont-Know-JS,2013-11-16T02:37:24Z,2025-05-20T14:22:36Z,N/A,368,0,944,863
CyC2018/CS-Notes,2018-02-13T14:56:24Z,2024-08-21T09:40:10Z,N/A,374,0,571,448
ohmyzsh/ohmyzsh,2009-08-28T18:15:37Z,2025-08-19T10:46:13Z,Shell,3377,0,4964,4824
Significant-Gravitas/AutoGPT,2023-03-16T09:21:07Z,2025-08-20T22:44:14Z,Python,3194,68,3391,3230
microsoft/vscode,2015-09-03T20:23:38Z,2025-08-20T22:33:43Z,TypeScript,36184,176,205239,193178
twbs/bootstrap,2011-07-29T21:19:00Z,2025-08-20T18:13:35Z,MDX,8972,93,22750,22345
flutter/flutter,2015-03-06T22:54:58Z,2025-08-20T22:24:33Z,Dart,43814,7,108783,96879
jackfrued/Python-100-Days,2018-03-01T16:05:52Z,2025-03-28T10:29:23Z,Jupyter Notebook,13,0,691,118
github/gitignore,2010-11-08T20:17:14Z,2025-08-08T20:08:39Z,N/A,1713,0,0,0
jlevy/the-art-of-command-line,2015-05-20T15:11:03Z,2024-06-25T18:13:44Z,N/A,317,0,258,136
AUTOMATIC1111/stable-diffusion-webui,2022-08-22T14:05:26Z,2025-05-03T06:17:03Z,Python,1874,27,7830,5467
Snailclimb/JavaGuide,2018-05-07T13:27:00Z,2025-08-20T02:17:55Z,Java,1180,0,1104,1032
ollama/ollama,2023-06-26T19:39:32Z,2025-08-20T22:43:45Z,Go,2469,143,7982,6227
avelino/awesome-go,2014-07-06T13:42:15Z,2025-08-18T02:46:10Z,Go,3457,0,687,681
huggingface/transformers,2018-10-29T13:56:00Z,2025-08-20T20:59:20Z,Python,16638,222,17807,16725
airbnb/javascript,2012-11-01T23:13:50Z,2024-12-09T06:56:18Z,JavaScript,810,0,1366,1269
massgravel/Microsoft-Activation-Scripts,2020-01-12T23:03:34Z,2025-08-10T21:18:38Z,Batchfile,6,24,720,720
ytdl-org/youtube-dl,2010-10-31T14:35:07Z,2025-05-04T11:53:05Z,Python,1642,341,26768,23125
vercel/next.js,2016-10-05T23:32:51Z,2025-08-20T23:09:42Z,JavaScript,23627,1000,23368,21047
f/awesome-chatgpt-prompts,2022-12-05T13:54:13Z,2025-08-02T07:30:17Z,JavaScript,171,0,0,0
n8n-io/n8n,2019-06-22T09:24:21Z,2025-08-20T19:35:40Z,TypeScript,10606,382,5154,4528
golang/go,2014-08-19T04:33:40Z,2025-08-20T22:14:03Z,Go,1,0,67929,58755
labuladong/fucking-algorithm,2020-02-19T09:01:23Z,2025-01-31T06:30:22Z,Markdown,238,1,918,916
yangshun/tech-interview-handbook,2016-07-05T05:00:48Z,2025-07-10T00:25:52Z,TypeScript,481,0,115,74
Genymobile/scrcpy,2017-11-21T18:00:27Z,2025-08-12T17:04:09Z,C,113,47,5615,3167
521xueweihan/HelloGitHub,2016-05-04T06:24:11Z,2025-07-30T17:30:00Z,Python,16,57,2840,2626
Chalarangelo/30-seconds-of-code,2017-11-29T17:35:03Z,2025-08-20T14:18:18Z,JavaScript,826,12,300,300
facebook/react-native,2015-01-09T18:10:16Z,2025-08-20T20:39:10Z,C++,930,410,27200,26543
yt-dlp/yt-dlp,2020-10-26T04:22:55Z,2025-08-20T19:46:10Z,Python,2904,117,9765,8169
microsoft/PowerToys,2019-05-01T17:44:02Z,2025-08-20T22:54:05Z,C#,5636,117,34537,27541
electron/electron,2013-04-12T01:47:36Z,2025-08-20T23:04:42Z,C++,23258,1000,21047,20291
kubernetes/kubernetes,2014-06-06T22:56:04Z,2025-08-20T21:15:14Z,Go,62231,755,47688,45773
krahets/hello-algo,2022-11-04T11:08:34Z,2025-08-05T18:33:00Z,Java,945,9,269,257
justjavac/free-programming-books-zh_CN,2013-11-04T01:59:19Z,2024-07-15T08:55:20Z,N/A,282,3,0,0
langchain-ai/langchain,2022-10-17T02:58:36Z,2025-08-20T20:19:16Z,Jupyter Notebook,14480,946,8641,8432
nodejs/node,2014-11-26T19:57:11Z,2025-08-20T19:50:01Z,JavaScript,10749,455,19455,17733
langgenius/dify,2023-04-12T07:40:24Z,2025-08-20T15:49:10Z,TypeScript,7034,140,12549,11838
d3/d3,2010-09-27T17:22:42Z,2025-07-27T11:30:40Z,Shell,493,194,2229,2220
ripienaar/free-for-dev,2015-03-18T21:06:26Z,2025-08-15T08:31:14Z,HTML,2758,0,0,0
mrdoob/three.js,2010-03-23T18:58:01Z,2025-08-20T21:39:24Z,JavaScript,14387,171,13170,12721
axios/axios,2014-08-18T22:30:27Z,2025-08-20T12:37:05Z,JavaScript,1001,97,4844,4571
open-webui/open-webui,2023-10-06T22:08:27Z,2025-08-20T22:39:26Z,JavaScript,2499,119,6151,5955
rust-lang/rust,2010-06-16T20:39:03Z,2025-08-20T22:37:30Z,Rust,65604,140,59221,48580
excalidraw/excalidraw,2020-01-02T01:04:43Z,2025-08-20T19:45:32Z,TypeScript,3697,14,4241,2402
microsoft/TypeScript,2014-06-17T15:28:39Z,2025-08-20T22:25:03Z,TypeScript,14674,212,42447,36854
goldbergyoni/nodebestpractices,2017-09-15T08:33:19Z,2025-04-15T21:52:42Z,Dockerfile,765,0,328,285
denoland/deno,2018-05-15T01:34:26Z,2025-08-20T21:35:45Z,Rust,13332,341,13176,10905
facebook/create-react-app,2016-07-17T14:55:11Z,2025-02-15T01:32:11Z,JavaScript,1949,83,8401,6567
langflow-ai/langflow,2023-02-08T22:28:03Z,2025-08-20T22:38:27Z,Python,4613,262,2689,2258
GrowingGit/GitHub-Chinese-Top-Charts,2019-09-05T03:01:56Z,2024-10-12T06:51:36Z,Java,0,0,340,161
godotengine/godot,2014-01-04T16:05:36Z,2025-08-20T21:18:02Z,C++,38699,61,58088,46002
microsoft/terminal,2017-08-11T18:38:22Z,2025-08-20T22:10:44Z,C++,4187,136,13459,11863
deepseek-ai/DeepSeek-V3,2024-12-26T09:52:40Z,2025-06-27T08:46:37Z,Python,21,1,586,556
angular/angular,2014-09-18T16:12:01Z,2025-08-20T21:14:07Z,TypeScript,3886,470,29475,28125
fatedier/frp,2015-12-21T15:24:59Z,2025-08-15T08:11:06Z,Go,683,106,3901,3838
papers-we-love/papers-we-love,2013-12-15T14:31:41Z,2025-05-04T18:45:38Z,Shell,437,0,246,245
Hack-with-Github/Awesome-Hacking,2016-03-30T15:47:10Z,2025-01-18T01:48:02Z,N/A,34,0,0,0
mui/material-ui,2014-08-18T19:11:54Z,2025-08-20T22:32:09Z,TypeScript,20794,547,20169,18550
iptv-org/iptv,2018-11-14T22:00:57Z,2025-08-20T13:08:26Z,TypeScript,6670,0,14823,14334
rustdesk/rustdesk,2020-09-28T15:36:08Z,2025-08-20T06:55:53Z,Rust,3634,31,3594,3537
tauri-apps/tauri,2019-07-13T09:09:37Z,2025-08-20T20:32:58Z,Rust,5165,1000,5768,4643
ant-design/ant-design,2015-04-24T15:37:24Z,2025-08-20T08:04:45Z,TypeScript,15767,714,31620,30391
microsoft/generative-ai-for-beginners,2023-06-19T16:28:59Z,2025-08-20T23:11:20Z,Jupyter Notebook,378,0,176,165
nvbn/thefuck,2015-04-08T15:08:04Z,2024-07-19T14:56:13Z,Python,481,17,760,472
ryanmcdermott/clean-code-javascript,2016-11-25T22:25:41Z,2024-07-29T07:24:37Z,JavaScript,149,0,235,163
shadcn-ui/ui,2023-01-04T12:43:27Z,2025-08-19T01:29:52Z,TypeScript,636,52,3344,2377
Anduin2017/HowToCook,2020-02-29T10:43:49Z,2025-08-01T16:17:17Z,Dockerfile,586,4,781,346
pytorch/pytorch,2016-08-13T05:26:41Z,2025-08-20T23:08:20Z,Python,6192,61,53224,37722
iluwatar/java-design-patterns,2014-08-09T16:45:18Z,2025-08-20T14:26:50Z,Java,1507,0,959,830
neovim/neovim,2014-01-31T13:39:22Z,2025-08-20T18:09:34Z,Vim Script,16129,45,13120,11471
puppeteer/puppeteer,2017-05-09T22:16:13Z,2025-08-20T18:06:16Z,TypeScript,5419,560,7218,6951
microsoft/Web-Dev-For-Beginners,2020-11-10T02:44:00Z,2025-08-20T17:05:53Z,JavaScript,517,0,331,243
deepseek-ai/DeepSeek-R1,2025-01-20T11:57:28Z,2025-06-27T08:35:54Z,N/A,9,1,631,587
PanJiaChen/vue-element-admin,2017-04-17T03:35:49Z,2024-10-24T11:25:46Z,Vue,311,49,3609,2357
tailwindlabs/tailwindcss,2017-10-06T14:59:14Z,2025-08-19T19:26:01Z,TypeScript,3070,290,4539,4459
fastapi/fastapi,2018-12-08T08:21:47Z,2025-08-20T09:12:14Z,Python,2738,208,3466,3417
mtdvio/every-programmer-should-know,2017-08-24T13:18:26Z,2024-08-06T12:01:28Z,N/A,99,0,52,23
storybookjs/storybook,2016-03-18T04:23:44Z,2025-08-20T17:06:09Z,TypeScript,11478,1000,13691,11613
supabase/supabase,2019-10-12T05:56:49Z,2025-08-20T23:05:52Z,TypeScript,12932,22,4655,4420
jaywcjlove/awesome-mac,2016-07-17T15:33:47Z,2025-08-20T18:34:15Z,JavaScript,991,12,480,367
openai/whisper,2022-09-16T20:02:54Z,2025-08-18T15:03:07Z,Python,119,13,0,0
nvm-sh/nvm,2010-04-15T17:47:47Z,2025-07-03T22:16:48Z,Shell,729,70,2314,1998
comfyanonymous/ComfyUI,2023-01-17T03:15:56Z,2025-08-20T21:46:55Z,Python,1192,73,6176,3663
ChatGPTNextWeb/NextChat,2023-03-10T18:27:54Z,2025-08-10T09:21:12Z,TypeScript,889,77,3547,2887
2dust/v2rayN,2019-07-30T03:47:24Z,2025-08-19T11:08:04Z,C#,272,264,6019,6012
ggml-org/llama.cpp,2023-03-10T18:58:00Z,2025-08-20T23:04:26Z,C++,5493,1000,5696,5362
bitcoin/bitcoin,2010-12-19T15:16:43Z,2025-08-20T21:29:21Z,C++,15508,56,8682,8272
florinpop17/app-ideas,2019-02-25T18:36:56Z,2024-08-16T09:41:10Z,N/A,149,0,170,44
django/django,2012-04-28T02:47:18Z,2025-08-20T08:29:07Z,Python,9852,0,0,0
sveltejs/svelte,2016-11-20T18:13:05Z,2025-08-20T23:01:41Z,JavaScript,5988,510,8494,7681
gin-gonic/gin,2014-06-16T23:57:25Z,2025-08-12T07:40:45Z,Go,1114,27,2348,1680
opencv/opencv,2012-07-19T09:40:17Z,2025-08-20T12:10:03Z,C++,13085,66,11234,8630
gohugoio/hugo,2013-07-04T15:26:26Z,2025-08-20T11:20:14Z,Go,2956,337,7799,7358
mermaid-js/mermaid,2014-11-01T23:52:32Z,2025-08-20T18:13:06Z,TypeScript,2437,162,3366,2097
gothinkster/realworld,2016-02-26T20:49:53Z,2025-08-20T14:15:33Z,TypeScript,433,0,542,503
animate-css/animate.css,2011-10-12T10:07:38Z,2024-07-29T19:34:21Z,CSS,315,22,880,841
laravel/laravel,2011-06-08T03:06:08Z,2025-08-15T13:59:01Z,Blade,1640,197,0,0
macrozheng/mall,2018-04-04T01:11:44Z,2025-08-11T08:27:41Z,Java,1,3,497,487
home-assistant/core,2013-09-17T07:29:48Z,2025-08-20T22:57:22Z,Python,75760,1000,62456,60080
DigitalPlatDev/FreeDomain,2024-05-30T13:23:00Z,2025-05-14T11:36:42Z,HTML,0,0,0,0
tonsky/FiraCode,2014-11-11T19:32:38Z,2025-05-16T14:49:21Z,Clojure,137,29,1364,954
oven-sh/bun,2021-04-14T00:48:17Z,2025-08-20T23:05:45Z,Zig,5965,196,13078,8302
3b1b/manim,2015-03-22T18:50:58Z,2025-06-14T15:50:43Z,Python,642,13,1212,761
spring-projects/spring-boot,2012-10-19T15:02:57Z,2025-08-20T23:06:59Z,Java,42,317,39278,38723
doocs/advanced-java,2018-10-06T11:38:30Z,2025-07-16T12:17:25Z,Java,88,1,147,146
bregman-arie/devops-exercises,2019-10-03T17:31:21Z,2025-08-07T17:27:38Z,Python,302,0,99,64
x1xhlol/system-prompts-and-models-of-ai-tools,2025-03-05T16:38:29Z,2025-08-18T19:55:09Z,N/A,23,0,101,54
tensorflow/models,2016-02-05T01:15:20Z,2025-08-20T21:30:40Z,Python,2341,50,7312,6236
MunGell/awesome-for-beginners,2015-10-24T19:53:36Z,2025-08-18T10:50:34Z,N/A,453,0,185,174
microsoft/ML-For-Beginners,2021-03-03T01:34:05Z,2025-08-20T16:19:26Z,HTML,374,0,148,141
DopplerHQ/awesome-interview-questions,2015-11-28T09:48:17Z,2024-07-29T14:21:23Z,N/A,175,0,61,34
nomic-ai/gpt4all,2023-03-27T18:49:32Z,2025-05-27T20:05:19Z,C++,934,38,2185,1487
MisterBooo/LeetCodeAnimation,2018-12-06T08:01:22Z,2023-08-14T12:14:01Z,Java,63,0,62,42
microsoft/playwright,2019-11-15T18:32:42Z,2025-08-20T21:34:09Z,TypeScript,15060,151,16302,15471
netdata/netdata,2013-06-17T18:39:10Z,2025-08-20T16:55:31Z,C,10928,120,8114,7947
FortAwesome/Font-Awesome,2012-02-17T14:19:43Z,2025-07-24T14:27:19Z,JavaScript,211,60,19751,15999
fighting41love/funNLP,2018-08-21T11:20:39Z,2024-05-10T07:38:24Z,Python,14,0,81,47
ByteByteGoHq/system-design-101,2023-09-18T20:52:03Z,2025-04-04T17:30:30Z,N/A,23,0,54,17
syncthing/syncthing,2013-11-26T09:48:21Z,2025-08-20T21:38:53Z,Go,2754,439,5696,5365
anuraghazra/github-readme-stats,2020-07-09T10:34:22Z,2025-08-20T19:05:45Z,JavaScript,1303,0,1304,1108
vitejs/vite,2020-04-21T05:03:57Z,2025-08-20T11:41:54Z,TypeScript,5585,598,8081,7617
typicode/json-server,2013-11-27T13:21:13Z,2025-03-31T11:11:50Z,JavaScript,121,38,1169,549
unionlabs/union,2023-05-16T22:33:39Z,2025-08-20T23:11:27Z,Rust,2755,95,1822,1590
ruanyf/weekly,2018-10-13T12:36:07Z,2025-08-15T00:12:10Z,N/A,101,0,7093,1078
immich-app/immich,2022-02-03T15:56:27Z,2025-08-20T22:47:38Z,TypeScript,7135,260,6273,5700
elastic/elasticsearch,2010-02-08T13:20:56Z,2025-08-20T23:11:34Z,Java,80478,202,40606,36268
hoppscotch/hoppscotch,2019-08-21T13:15:24Z,2025-08-20T17:34:17Z,TypeScript,1867,83,2044,1555
louislam/uptime-kuma,2021-07-03T01:02:42Z,2025-08-09T17:31:44Z,JavaScript,1317,111,4164,3451
coder/code-server,2019-02-27T16:50:41Z,2025-08-16T01:59:28Z,TypeScript,1576,200,3703,3569
vuejs/awesome-vue,2015-10-20T00:16:14Z,2025-07-07T06:55:09Z,N/A,3574,0,228,190
junegunn/fzf,2013-10-23T16:04:23Z,2025-08-19T14:31:02Z,Go,595,70,3015,2780
sdmg15/Best-websites-a-programmer-should-visit,2017-03-05T20:25:17Z,2025-07-01T08:13:14Z,N/A,431,0,174,103
hacksider/Deep-Live-Cam,2023-09-24T13:19:31Z,2025-08-11T13:37:45Z,Python,85,8,986,917
nestjs/nest,2017-02-04T20:12:52Z,2025-08-20T08:18:07Z,TypeScript,7407,131,5673,5644
microsoft/markitdown,2024-11-13T19:56:40Z,2025-08-11T21:41:01Z,Python,147,14,323,69
d2l-ai/d2l-zh,2017-08-23T04:40:24Z,2024-07-30T09:32:19Z,Python,1019,16,0,0
CompVis/stable-diffusion,2022-08-10T14:36:44Z,2024-06-18T01:53:49Z,Jupyter Notebook,5,0,727,195
clash-verge-rev/clash-verge-rev,2023-11-21T18:24:03Z,2025-08-20T15:07:35Z,TypeScript,319,49,3772,3663
abi/screenshot-to-code,2023-11-14T17:53:32Z,2025-07-27T20:51:24Z,Python,49,0,382,278
google-gemini/gemini-cli,2025-04-17T17:04:31Z,2025-08-20T22:55:25Z,TypeScript,1888,45,3507,1998
thedaviddias/Front-End-Checklist,2017-10-16T10:12:36Z,2025-02-14T00:53:27Z,N/A,179,1,148,147
redis/redis,2009-03-21T22:32:25Z,2025-08-20T10:54:46Z,C,4161,96,6780,4628
moby/moby,2013-01-18T18:10:57Z,2025-08-20T22:33:09Z,Go,21476,237,23124,19928
pallets/flask,2010-04-06T11:11:59Z,2025-08-19T21:10:21Z,Python,1613,37,2692,2691
ventoy/Ventoy,2020-03-10T15:19:19Z,2025-08-18T16:13:54Z,C,280,105,2529,1670
Developer-Y/cs-video-courses,2016-10-21T17:02:11Z,2025-08-12T11:43:03Z,N/A,234,0,0,0
grafana/grafana,2013-12-11T15:59:56Z,2025-08-20T22:37:10Z,TypeScript,56713,550,40947,37469
enaqx/awesome-react,2014-08-06T05:31:44Z,2024-12-06T20:56:37Z,N/A,780,0,113,109
hakimel/reveal.js,2011-06-07T18:54:22Z,2025-08-05T08:24:50Z,JavaScript,409,49,2463,1690
josephmisiti/awesome-machine-learning,2014-07-15T19:11:19Z,2025-08-13T18:34:54Z,Python,872,0,93,93
swisskyrepo/PayloadsAllTheThings,2016-10-18T07:29:07Z,2025-08-14T09:11:08Z,Python,548,5,0,0
strapi/strapi,2015-09-30T15:34:48Z,2025-08-20T16:48:02Z,TypeScript,9123,478,11179,10192
binary-husky/gpt_academic,2023-03-20T09:05:13Z,2025-07-31T14:22:25Z,Python,223,32,1741,1478
swiftlang/swift,2015-10-23T21:15:07Z,2025-08-20T21:45:05Z,C++,55431,60,16775,9426
tesseract-ocr/tesseract,2014-08-12T18:04:59Z,2025-08-15T21:00:54Z,C++,1411,34,2726,2303
protocolbuffers/protobuf,2014-08-26T15:52:15Z,2025-08-20T22:41:01Z,C++,7780,195,6640,6406
python/cpython,2017-02-10T19:23:51Z,2025-08-20T21:59:40Z,Python,52784,0,73347,66106
base/node,2023-02-01T13:55:02Z,2025-08-14T13:15:56Z,Go,186,54,240,190
browser-use/browser-use,2024-10-31T16:00:56Z,2025-08-20T22:52:54Z,Python,976,73,1055,549
sherlock-project/sherlock,2018-12-24T14:30:48Z,2025-05-06T09:55:10Z,Python,642,1,1074,970
ocornut/imgui,2014-07-21T14:29:47Z,2025-08-20T18:22:40Z,C++,405,114,6534,5524
apache/superset,2015-07-21T18:55:34Z,2025-08-20T22:48:32Z,TypeScript,14826,232,11627,11163
expressjs/express,2009-06-26T18:56:01Z,2025-08-20T13:18:37Z,JavaScript,459,160,3990,3885
openai/openai-cookbook,2022-03-11T02:08:53Z,2025-08-18T17:58:12Z,Jupyter Notebook,861,0,598,557
Alvin9999/new-pac,2016-03-23T08:43:36Z,2025-08-20T23:01:58Z,Python,0,0,1769,1333
punkpeye/awesome-mcp-servers,2024-11-30T04:49:10Z,2025-08-18T04:08:50Z,N/A,920,0,102,74
PKUFlyingPig/cs-self-learning,2021-10-20T13:43:42Z,2025-08-19T14:18:37Z,HTML,297,5,213,104
chartjs/Chart.js,2013-03-17T23:56:36Z,2025-08-18T04:22:01Z,JavaScript,3002,116,7265,6804
rasbt/LLMs-from-scratch,2023-07-23T18:15:57Z,2025-08-20T02:08:30Z,Jupyter Notebook,388,0,172,168
obsproject/obs-studio,2013-10-01T02:40:31Z,2025-08-20T23:06:11Z,C,5218,223,4605,3931
caddyserver/caddy,2015-01-13T19:45:03Z,2025-08-20T21:37:49Z,Go,2119,128,4322,4144
localsend/localsend,2022-12-16T00:46:07Z,2025-08-20T10:37:29Z,Dart,667,24,1430,644
ansible/ansible,2012-03-06T14:58:02Z,2025-08-19T15:29:50Z,Python,39191,162,33025,32475
fffaraz/awesome-cpp,2014-07-17T08:51:11Z,2025-08-14T07:15:26Z,N/A,800,0,583,237
Eugeny/tabby,2016-12-23T09:06:10Z,2025-08-20T20:00:39Z,TypeScript,1489,200,5719,3416
leonardomso/33-js-concepts,2018-09-04T13:27:04Z,2025-08-18T10:06:29Z,JavaScript,252,0,103,81
webpack/webpack,2012-03-10T10:08:14Z,2025-08-20T18:51:09Z,JavaScript,5108,438,10089,9969
astral-sh/uv,2023-10-02T20:24:11Z,2025-08-20T20:47:36Z,Rust,7185,208,7343,5435
nektos/act,2019-01-02T19:53:43Z,2025-08-12T19:13:15Z,Go,1045,88,1281,1061
danielmiessler/SecLists,2012-02-19T01:30:18Z,2025-08-20T14:03:56Z,PHP,681,28,298,291
modelcontextprotocol/servers,2024-11-19T01:10:17Z,2025-08-20T18:55:23Z,TypeScript,868,19,633,457
AppFlowy-IO/AppFlowy,2021-06-16T12:56:48Z,2025-08-20T02:52:32Z,Dart,3886,111,3619,2644
xtekky/gpt4free,2023-03-29T17:00:43Z,2025-08-20T10:27:58Z,Python,813,330,1860,1853
lydiahallie/javascript-questions,2019-06-12T08:26:27Z,2024-08-04T16:08:40Z,N/A,328,0,250,233
lobehub/lobe-chat,2023-05-21T07:19:12Z,2025-08-20T13:55:21Z,TypeScript,2504,1000,4326,3438
binhnguyennus/awesome-scalability,2017-12-27T03:46:40Z,2025-07-26T06:03:03Z,N/A,36,0,0,0
Stirling-Tools/Stirling-PDF,2023-01-27T18:22:42Z,2025-08-20T19:37:29Z,Java,2213,135,1393,1077
apache/echarts,2013-04-03T03:18:59Z,2025-08-18T06:08:23Z,TypeScript,1446,122,19084,17225
kdn251/interviews,2017-02-14T18:19:25Z,2025-05-12T12:56:04Z,Java,42,0,56,24
awesomedata/awesome-public-datasets,2014-11-20T06:20:50Z,2025-07-23T17:35:09Z,N/A,188,1,118,48
zed-industries/zed,2021-02-20T03:01:06Z,2025-08-20T23:09:10Z,Rust,16311,965,14079,11470
jesseduffield/lazygit,2018-05-19T00:53:06Z,2025-08-20T08:45:36Z,Go,1690,169,2289,1592
kelseyhightower/nocode,2018-02-06T23:54:00Z,2024-08-07T03:19:12Z,Dockerfile,1,1,4861,716
twitter/the-algorithm,2023-03-27T14:57:57Z,2024-07-10T07:07:01Z,Scala,2,0,1010,729
keras-team/keras,2015-03-28T00:35:42Z,2025-08-20T22:31:35Z,Python,4235,80,12527,12295
juliangarnier/anime,2016-03-13T21:37:45Z,2025-08-13T09:42:37Z,JavaScript,79,22,793,718
scikit-learn/scikit-learn,2010-08-17T09:43:38Z,2025-08-20T15:08:21Z,Python,13455,47,11655,10076
bradtraversy/design-resources-for-developers,2020-05-06T14:40:35Z,2025-07-21T22:28:56Z,N/A,949,0,104,104
infiniflow/ragflow,2023-12-12T06:13:13Z,2025-08-20T13:14:28Z,TypeScript,3724,31,4952,2289
TheAlgorithms/Java,2016-07-16T10:21:02Z,2025-08-19T19:24:16Z,Java,2017,0,1108,1100
labmlai/annotated_deep_learning_paper_implementations,2020-08-25T02:29:34Z,2025-08-12T06:41:39Z,Python,101,0,137,113
resume/resume.github.com,2011-02-06T13:39:55Z,2023-02-15T06:38:51Z,JavaScript,84,0,122,66
chrislgarry/Apollo-11,2014-04-03T15:45:02Z,2025-08-07T19:45:50Z,Assembly,343,0,382,326
All-Hands-AI/OpenHands,2024-03-13T03:33:31Z,2025-08-20T22:13:17Z,Python,5115,76,3276,2942
socketio/socket.io,2010-03-11T18:24:48Z,2025-08-16T07:10:41Z,TypeScript,435,75,3616,3423
prakhar1989/awesome-courses,2014-11-15T18:36:49Z,2023-05-04T12:49:34Z,N/A,194,0,80,39
sindresorhus/awesome-nodejs,2014-07-11T13:35:34Z,2025-07-16T17:42:05Z,N/A,418,0,104,102
FuelLabs/sway,2021-01-19T20:54:33Z,2025-08-20T21:57:07Z,Rust,3498,178,3298,2449
facebook/docusaurus,2017-06-20T16:13:53Z,2025-08-20T14:33:46Z,TypeScript,5482,151,3319,3025
reduxjs/redux,2015-05-29T23:53:15Z,2025-07-24T14:32:21Z,TypeScript,1720,78,2062,2024
dair-ai/Prompt-Engineering-Guide,2022-12-16T16:04:50Z,2025-08-13T20:22:11Z,MDX,338,0,223,71
lodash/lodash,2012-04-07T04:11:46Z,2024-12-12T22:27:04Z,JavaScript,581,2,4312,4228
Shubhamsaboo/awesome-llm-apps,2024-04-29T05:30:25Z,2025-08-18T02:24:57Z,Python,132,0,92,87
atom/atom,2012-01-20T18:18:21Z,2023-01-03T10:49:48Z,JavaScript,3933,538,17110,16148
h5bp/Front-end-Developer-Interview-Questions,2012-02-09T23:34:10Z,2025-08-12T14:41:23Z,Nunjucks,484,0,177,143
xingshaocheng/architect-awesome,2018-04-06T13:30:58Z,2024-04-11T11:32:12Z,N/A,49,0,71,22
openinterpreter/open-interpreter,2023-07-14T07:10:44Z,2025-08-06T17:38:07Z,Python,369,48,1025,797
localstack/localstack,2016-10-25T23:48:03Z,2025-08-20T22:44:38Z,Python,6227,94,5996,5757
alacritty/alacritty,2016-02-18T05:02:30Z,2025-08-17T12:13:34Z,Rust,1887,101,6122,5799
adam-p/markdown-here,2012-05-13T03:27:22Z,2025-07-10T01:19:23Z,JavaScript,27,17,629,324
prometheus/prometheus,2012-11-24T11:14:12Z,2025-08-20T15:24:12Z,Go,7629,341,6166,5644
mlabonne/llm-course,2023-06-17T22:16:25Z,2025-06-04T16:09:23Z,N/A,1,0,84,30
rust-lang/rustlings,2015-09-15T02:25:18Z,2025-08-18T10:01:40Z,Rust,912,45,736,686
NationalSecurityAgency/ghidra,2019-03-01T03:27:48Z,2025-08-20T17:01:19Z,Java,520,45,5530,4065
jquery/jquery,2009-04-03T15:20:14Z,2025-08-18T20:30:03Z,JavaScript,812,11,2365,2286
ryanoasis/nerd-fonts,2014-12-05T04:31:17Z,2025-08-03T13:24:02Z,CSS,550,38,1090,1062
shadowsocks/shadowsocks-windows,2013-01-14T07:54:16Z,2025-01-01T08:09:55Z,C#,290,55,2912,2727
tldr-pages/tldr,2013-12-08T07:34:43Z,2025-08-20T18:25:13Z,Markdown,14692,6,1522,1340
angular/angular.js,2010-01-06T00:34:37Z,2024-04-12T17:43:16Z,JavaScript,789,0,9040,8649
spring-projects/spring-framework,2010-12-08T04:04:45Z,2025-08-20T21:17:02Z,Java,870,341,27104,26823
meta-llama/llama,2023-02-14T09:29:12Z,2025-01-26T21:42:26Z,Python,53,0,1096,652
scrapy/scrapy,2010-02-22T02:01:14Z,2025-08-20T07:52:22Z,Python,2391,43,3179,2714
FoundationAgents/MetaGPT,2023-06-30T09:04:55Z,2025-06-30T11:45:55Z,Python,660,22,865,853
nuxt/nuxt,2016-10-26T11:18:47Z,2025-08-20T13:26:18Z,TypeScript,6897,256,16662,15882
youngyangyang04/leetcode-master,2019-12-14T12:05:42Z,2025-08-13T05:58:41Z,Shell,2306,0,272,66
gorhill/uBlock,2015-04-01T17:51:11Z,2025-08-20T15:49:32Z,JavaScript,252,277,3445,3432
FuelLabs/fuel-core,2020-08-27T21:12:14Z,2025-08-20T14:05:03Z,Rust,1553,123,1112,970
rails/rails,2008-04-11T02:19:47Z,2025-08-20T21:24:05Z,Ruby,25151,149,18193,17714
h5bp/html5-boilerplate,2010-01-24T18:03:24Z,2025-08-01T07:44:25Z,JavaScript,790,34,1354,1346
Solido/awesome-flutter,2017-05-07T11:45:27Z,2025-07-20T21:50:22Z,Dart,444,0,0,0
nocodb/nocodb,2017-10-29T18:51:48Z,2025-08-20T22:40:45Z,TypeScript,5277,174,4234,3606
hiyouga/LLaMA-Factory,2023-05-28T10:09:12Z,2025-08-20T15:52:51Z,Python,691,34,7321,6736
zylon-ai/private-gpt,2023-05-02T09:15:31Z,2024-11-13T19:30:32Z,Python,224,10,1213,961
scutan90/DeepLearning-500-questions,2018-06-27T06:36:45Z,2024-06-26T12:10:14Z,JavaScript,302,0,191,81
jgraph/drawio-desktop,2017-05-25T20:58:42Z,2025-08-18T22:28:20Z,JavaScript,20,159,1635,1572
soimort/you-get,2012-08-20T15:53:36Z,2025-04-27T15:33:25Z,Python,582,123,0,0
FiloSottile/mkcert,2018-06-25T05:33:03Z,2024-08-13T13:37:46Z,Go,52,14,344,239
traefik/traefik,2015-09-13T19:04:02Z,2025-08-20T14:00:08Z,Go,4699,481,6351,5707
git/git,2008-07-23T14:21:26Z,2025-08-20T22:25:01Z,C,3,0,0,0
PlexPt/awesome-chatgpt-prompts-zh,2022-12-12T01:55:03Z,2025-01-01T08:34:33Z,N/A,33,0,96,58
gatsbyjs/gatsby,2015-05-21T22:43:05Z,2025-08-20T20:40:52Z,JavaScript,18184,149,14119,13904
vllm-project/vllm,2023-02-09T11:23:20Z,2025-08-20T22:04:21Z,Python,8669,73,10299,8479
commaai/openpilot,2016-11-24T01:33:30Z,2025-08-20T23:06:45Z,Python,11776,57,3057,2929
azl397985856/leetcode,2018-03-30T09:13:51Z,2025-07-16T09:42:17Z,JavaScript,257,40,257,248
topjohnwu/Magisk,2016-09-08T12:42:53Z,2025-08-20T19:34:40Z,Kotlin,1615,151,6263,6226
remix-run/react-router,2014-05-16T22:22:51Z,2025-08-20T19:59:52Z,TypeScript,3185,310,8142,8042
ageitgey/face_recognition,2017-03-03T21:52:39Z,2024-08-21T06:22:36Z,Python,94,2,1370,595
ultralytics/yolov5,2020-05-18T03:45:11Z,2025-08-18T06:55:17Z,Python,2206,10,9430,9173
CorentinJ/Real-Time-Voice-Cloning,2019-05-26T08:56:15Z,2025-05-30T11:41:05Z,Python,48,0,1101,896
AntonOsika/gpt-engineer,2023-04-29T12:52:15Z,2025-05-14T10:15:10Z,Python,350,20,501,470
minio/minio,2015-01-14T19:23:58Z,2025-08-12T18:22:12Z,Go,9853,519,7809,7772
BurntSushi/ripgrep,2016-03-11T02:02:33Z,2025-08-20T11:08:10Z,Rust,516,72,1710,1579
deepfakes/faceswap,2017-12-19T09:44:13Z,2025-07-11T17:20:12Z,Python,357,4,881,847
toeverything/AFFiNE,2022-07-31T18:45:21Z,2025-08-20T09:52:28Z,TypeScript,8710,571,3010,2735
pmndrs/zustand,2019-04-09T09:10:06Z,2025-08-19T23:17:08Z,TypeScript,808,98,690,688
ElemeFE/element,2016-09-03T06:19:26Z,2024-08-20T07:40:13Z,Vue,3231,145,17863,15250
lencx/ChatGPT,2022-12-07T09:43:02Z,2024-08-29T17:58:11Z,Rust,123,34,1199,361
sharkdp/bat,2018-04-21T10:52:23Z,2025-08-20T05:04:30Z,Rust,1465,41,1518,1190
golang-standards/project-layout,2017-09-09T16:33:26Z,2025-01-14T03:24:13Z,Makefile,90,0,112,44
wasabeef/awesome-android-ui,2014-12-24T01:45:03Z,2024-07-06T09:06:23Z,N/A,90,0,114,94
Textualize/rich,2019-11-10T15:28:09Z,2025-08-13T10:52:09Z,Python,836,170,1430,1223
necolas/normalize.css,2011-05-04T10:20:25Z,2024-06-12T20:36:06Z,CSS,56,0,517,461
Z4nzu/hackingtool,2020-04-11T09:21:31Z,2025-03-03T15:17:19Z,Python,56,0,373,321
psf/requests,2011-02-13T18:38:17Z,2025-08-18T20:33:27Z,Python,1591,14,4060,3860
maybe-finance/maybe,2024-01-01T22:23:46Z,2025-07-24T22:20:44Z,Ruby,1073,28,0,0
pi-hole/pi-hole,2014-06-08T15:02:55Z,2025-08-20T16:43:27Z,Shell,2106,118,3080,3043
withastro/astro,2021-03-15T17:19:47Z,2025-08-20T16:13:45Z,TypeScript,7323,1000,5562,5414
meilisearch/meilisearch,2018-04-23T11:45:28Z,2025-08-20T10:10:29Z,Rust,2147,266,2305,2096
PaddlePaddle/PaddleOCR,2020-05-08T10:38:16Z,2025-08-20T15:37:29Z,Python,2948,23,9886,9747
FFmpeg/FFmpeg,2011-04-14T14:12:38Z,2025-08-20T19:51:01Z,C,16,0,0,0
appwrite/appwrite,2019-04-08T16:36:25Z,2025-08-20T19:51:26Z,TypeScript,3836,112,4086,3461
rclone/rclone,2014-03-16T16:19:57Z,2025-08-20T21:14:59Z,Go,2114,114,5788,4813
rust-unofficial/awesome-rust,2014-07-17T10:45:10Z,2025-08-17T08:06:05Z,Rust,1568,0,142,132
tiimgreen/github-cheat-sheet,2014-04-12T16:38:42Z,2024-04-15T20:15:56Z,N/A,129,0,71,48
ionic-team/ionic-framework,2013-08-20T23:06:02Z,2025-08-20T19:38:43Z,TypeScript,6301,914,22057,21482
google/material-design-icons,2014-10-08T18:01:28Z,2025-08-15T03:42:17Z,N/A,50,16,1530,1159
wagoodman/dive,2018-05-13T15:44:01Z,2025-08-12T01:52:42Z,Go,164,28,359,202
mozilla/pdf.js,2011-04-26T06:32:03Z,2025-08-20T15:04:08Z,JavaScript,8090,76,10277,9873
facebookresearch/segment-anything,2023-03-23T17:03:03Z,2024-09-18T17:46:55Z,Jupyter Notebook,15,0,703,178
vuejs/core,2018-06-12T13:49:36Z,2025-08-20T14:22:20Z,TypeScript,3229,245,5770,5099
unclecode/crawl4ai,2024-05-09T09:48:50Z,2025-08-20T11:06:04Z,Python,88,8,792,646
sickcodes/Docker-OSX,2020-06-04T11:01:37Z,2025-06-06T10:08:10Z,Shell,107,0,667,281
Semantic-Org/Semantic-UI,2013-04-08T23:32:04Z,2024-11-27T21:01:48Z,JavaScript,355,154,6235,5268
JetBrains/kotlin,2012-02-13T17:29:58Z,2025-08-20T22:23:38Z,Kotlin,2064,266,0,0
ngosang/trackerslist,2016-04-24T11:57:57Z,2025-08-20T22:07:49Z,N/A,1,0,485,479
google/guava,2014-05-29T16:23:17Z,2025-08-13T20:49:53Z,Java,1013,56,3620,2992
marktext/marktext,2017-11-12T16:05:25Z,2024-08-18T21:21:46Z,JavaScript,939,36,2913,1637
laurent22/joplin,2017-01-16T21:49:41Z,2025-08-20T20:40:54Z,TypeScript,4402,385,7239,6699
prettier/prettier,2016-11-29T17:13:37Z,2025-08-19T14:29:20Z,JavaScript,8872,127,6956,5736
OpenBB-finance/OpenBB,2020-12-20T10:46:38Z,2025-08-20T03:18:48Z,Python,4114,46,2245,2208
starship/starship,2019-04-02T03:23:12Z,2025-08-20T20:37:14Z,Rust,2900,135,2509,1772
romkatv/powerlevel10k,2019-02-24T19:09:45Z,2025-04-29T13:00:59Z,Shell,167,33,2572,2466
jekyll/jekyll,2008-10-20T06:29:03Z,2025-07-11T12:07:19Z,Ruby,3188,112,4897,4781
xai-org/grok-1,2024-03-17T08:53:38Z,2024-08-30T04:17:25Z,Python,5,0,0,0
TryGhost/Ghost,2013-05-04T11:09:13Z,2025-08-20T22:01:28Z,JavaScript,14264,902,7129,7066
go-gitea/gitea,2016-11-01T02:13:26Z,2025-08-20T16:48:14Z,Go,17773,216,14887,12297
DefinitelyTyped/DefinitelyTyped,2012-10-05T16:39:45Z,2025-08-20T18:55:11Z,TypeScript,52106,1,8088,7521
RVC-Boss/GPT-SoVITS,2024-01-14T18:05:21Z,2025-08-02T09:47:15Z,Python,338,4,1891,1177
WerWolv/ImHex,2020-11-10T14:27:00Z,2025-08-20T21:11:23Z,C++,671,80,1417,1180
etcd-io/etcd,2013-07-06T21:57:21Z,2025-08-20T10:51:05Z,Go,9782,259,7000,6819
pocketbase/pocketbase,2022-07-05T06:06:21Z,2025-08-16T18:30:51Z,Go,53,220,1837,1819
firstcontributions/first-contributions,2016-09-20T14:35:09Z,2025-08-20T22:18:07Z,N/A,86068,0,933,909
chinese-poetry/chinese-poetry,2016-09-02T03:32:25Z,2025-04-02T09:42:19Z,JavaScript,137,1,211,92
jgthms/bulma,2016-01-23T23:48:34Z,2025-06-27T16:28:35Z,CSS,642,22,2724,2394
firecrawl/firecrawl,2024-04-15T21:02:29Z,2025-08-20T21:24:42Z,TypeScript,807,23,677,523
vsouza/awesome-ios,2014-07-10T16:03:45Z,2025-02-04T14:00:13Z,Swift,2233,0,488,486
ethereum/go-ethereum,2013-12-26T13:05:46Z,2025-08-20T22:22:21Z,Go,8244,219,8481,8279
cline/cline,2024-07-06T07:28:10Z,2025-08-20T23:10:39Z,TypeScript,1642,144,2218,1741
poteto/hiring-without-whiteboards,2017-03-15T05:09:01Z,2025-07-31T15:11:49Z,JavaScript,1300,0,0,0
FoundationAgents/OpenManus,2025-03-06T14:08:14Z,2025-08-18T13:56:34Z,Python,106,3,705,312
microsoft/autogen,2023-08-18T11:43:45Z,2025-08-20T06:43:11Z,Python,2499,97,2856,2462
agalwood/Motrix,2018-12-18T11:45:05Z,2024-07-11T12:09:20Z,JavaScript,192,21,1340,593
mastodon/mastodon,2016-02-22T15:01:25Z,2025-08-20T17:40:53Z,Ruby,17698,289,12247,8226
cypress-io/cypress,2015-03-04T00:46:28Z,2025-08-20T22:29:42Z,TypeScript,7356,373,15069,13774
justjavac/awesome-wechat-weapp,2016-09-22T20:04:48Z,2025-02-20T04:45:43Z,N/A,277,0,0,0
Asabeneh/30-Days-Of-Python,2019-11-19T17:24:16Z,2025-06-04T21:49:56Z,Python,61,0,135,79
NARKOZ/hacker-scripts,2015-11-21T19:05:09Z,2023-10-23T21:01:40Z,JavaScript,63,0,88,53
AlistGo/alist,2020-12-23T17:40:29Z,2025-08-19T08:34:42Z,Go,860,137,4344,3795
ReactiveX/RxJava,2013-01-08T20:11:48Z,2025-08-19T15:11:48Z,Java,3326,241,3171,3159
PowerShell/PowerShell,2016-01-13T23:41:35Z,2025-08-20T21:38:09Z,C#,7548,186,13017,11913
dani-garcia/vaultwarden,2018-02-17T22:40:20Z,2025-08-20T21:50:52Z,Rust,993,73,2363,2353
iamkun/dayjs,2018-04-10T09:26:44Z,2025-08-20T04:48:02Z,JavaScript,694,119,1771,849
Mintplex-Labs/anything-llm,2023-06-04T02:29:14Z,2025-08-20T17:51:17Z,JavaScript,1072,20,2749,2492
moment/moment,2011-03-01T02:46:06Z,2024-08-14T17:12:19Z,JavaScript,714,0,4154,3911
Avik-Jain/100-Days-Of-ML-Code,2018-07-05T09:11:43Z,2023-12-29T07:57:53Z,N/A,6,0,0,0
charlax/professional-programming,2015-11-07T05:07:52Z,2025-08-10T22:03:37Z,Python,39,0,29,29
algorithm-visualizer/algorithm-visualizer,2016-05-15T00:27:45Z,2024-06-09T06:54:22Z,JavaScript,183,0,117,76
JuliaLang/julia,2011-04-21T07:01:50Z,2025-08-20T21:13:33Z,Julia,25808,181,25358,21381
TapXWorld/ChinaTextbook,2020-01-05T04:11:06Z,2025-05-18T04:38:09Z,Roff,1,0,112,53
minimaxir/big-list-of-naughty-strings,2015-08-08T20:57:20Z,2024-04-18T03:26:59Z,Python,90,0,101,32
huginn/huginn,2013-03-10T06:00:31Z,2025-08-19T22:39:18Z,Ruby,1043,1,2170,1569
nlohmann/json,2013-07-04T08:47:49Z,2025-08-20T20:51:27Z,C++,898,45,2338,2297
LadybirdBrowser/ladybird,2024-05-30T09:18:10Z,2025-08-20T22:35:09Z,C++,4228,0,1128,633
serverless/serverless,2015-04-21T03:48:40Z,2025-08-06T22:29:08Z,JavaScript,4717,453,6516,5385
gogs/gogs,2014-02-12T01:57:08Z,2025-08-04T01:57:30Z,Go,1766,84,5158,4223
karan/Projects,2013-07-04T13:37:27Z,2024-08-14T19:06:05Z,N/A,19,0,82,35
kamranahmedse/design-patterns-for-humans,2017-02-16T21:24:39Z,2024-12-02T04:54:48Z,N/A,50,0,52,47
x64dbg/x64dbg,2015-04-11T20:48:23Z,2025-08-19T19:37:09Z,C++,744,4,2630,2024
square/okhttp,2012-07-23T13:42:55Z,2025-08-19T08:10:39Z,Kotlin,3762,0,4181,4132
typescript-cheatsheets/react,2018-06-02T04:08:16Z,2025-08-20T06:49:37Z,JavaScript,370,0,222,220
pandas-dev/pandas,2010-08-24T01:37:33Z,2025-08-20T20:30:48Z,Python,26914,111,27664,24079
TanStack/query,2019-09-10T19:23:58Z,2025-08-20T17:07:47Z,TypeScript,2894,1000,2166,2102
v2ray/v2ray-core,2015-09-04T11:42:53Z,2025-08-12T11:15:43Z,Go,203,247,2591,2583
type-challenges/type-challenges,2020-07-23T14:33:11Z,2025-07-07T12:00:24Z,TypeScript,588,0,36245,3845
hashicorp/terraform,2014-03-13T22:25:48Z,2025-08-20T20:33:49Z,Go,12787,378,21410,19673
dkhamsing/open-source-ios-apps,2015-01-26T23:32:34Z,2025-08-20T13:13:07Z,N/A,1408,37,310,310
ziishaned/learn-regex,2017-07-22T12:21:03Z,2025-03-27T03:50:12Z,N/A,131,0,87,35
lllyasviel/Fooocus,2023-08-09T18:43:40Z,2025-01-24T10:55:35Z,Python,447,21,1611,1400
slab/quill,2012-07-30T23:23:18Z,2025-07-25T06:09:23Z,TypeScript,381,95,3774,3267
lyswhut/lx-music-desktop,2019-08-14T14:31:08Z,2025-08-10T05:53:17Z,TypeScript,86,110,2190,1236
bigskysoftware/htmx,2020-04-13T16:17:51Z,2025-08-02T14:24:24Z,JavaScript,956,26,1572,1005
jesseduffield/lazydocker,2019-05-18T08:53:50Z,2024-12-22T10:43:30Z,Go,186,42,361,190
pixijs/pixijs,2013-01-21T22:40:50Z,2025-08-20T20:19:10Z,TypeScript,3677,293,5983,5742
kelseyhightower/kubernetes-the-hard-way,2016-07-07T14:15:27Z,2025-04-10T06:11:47Z,N/A,73,0,428,415
jakevdp/PythonDataScienceHandbook,2016-08-10T14:24:36Z,2024-06-26T19:17:33Z,Jupyter Notebook,28,0,203,78
android/architecture-samples,2016-02-05T13:42:07Z,2025-08-18T18:42:28Z,Kotlin,232,0,486,348
brillout/awesome-react-components,2016-06-24T15:19:33Z,2024-08-12T13:52:53Z,N/A,324,0,52,44
skylot/jadx,2013-03-18T17:08:21Z,2025-08-12T08:52:56Z,Java,577,31,1918,1528
odoo/odoo,2014-05-13T15:38:58Z,2025-08-20T22:44:02Z,Python,6181,0,18396,15107
typst/typst,2019-09-24T21:41:56Z,2025-08-19T11:09:48Z,Rust,1816,22,3476,2569
jestjs/jest,2013-12-10T00:18:04Z,2025-07-27T02:20:19Z,TypeScript,5701,208,8115,7861
Asabeneh/30-Days-Of-JavaScript,2019-12-23T14:07:40Z,2025-02-11T09:46:11Z,JavaScript,98,0,174,59
ColorlibHQ/AdminLTE,2013-12-25T02:52:40Z,2025-08-20T14:08:12Z,CSS,1545,77,2890,2746
serhii-londar/open-source-mac-os-apps,2017-11-03T02:35:33Z,2025-04-26T22:41:38Z,N/A,525,0,211,161
dbeaver/dbeaver,2015-10-21T08:26:28Z,2025-08-20T16:03:27Z,Java,6093,230,19354,16313
discourse/discourse,2013-01-12T00:25:55Z,2025-08-20T23:11:14Z,Ruby,30041,0,0,0
akullpp/awesome-java,2014-07-09T10:12:43Z,2025-07-27T09:22:12Z,N/A,715,0,136,136
oobabooga/text-generation-webui,2022-12-21T04:17:37Z,2025-08-19T14:52:49Z,Python,1183,80,4003,1429
meteor/meteor,2012-01-19T01:58:17Z,2025-08-20T20:41:25Z,JavaScript,2534,0,9205,8947
dypsilon/frontend-dev-bookmarks,2013-06-22T13:23:55Z,2024-05-21T10:56:58Z,N/A,129,1,107,82
ultralytics/ultralytics,2022-09-11T16:39:45Z,2025-08-20T22:18:45Z,Python,3507,256,11650,11399
Homebrew/brew,2016-03-06T05:08:38Z,2025-08-20T19:17:08Z,Ruby,12990,441,4796,4780
google/zx,2021-05-05T05:50:01Z,2025-08-20T16:33:44Z,JavaScript,550,96,489,476
coollabsio/coolify,2021-01-25T20:54:01Z,2025-08-19T16:54:22Z,PHP,1646,619,2795,2231
unslothai/unsloth,2023-11-29T16:50:09Z,2025-08-20T14:41:03Z,Python,480,16,2445,1729
termux/termux-app,2015-10-23T09:42:46Z,2025-08-12T01:49:34Z,Java,162,95,2924,2519
vercel/hyper,2016-07-01T06:01:21Z,2024-08-14T03:32:57Z,TypeScript,3291,88,3814,2872
isocpp/CppCoreGuidelines,2015-08-19T20:22:52Z,2025-07-27T13:54:28Z,CSS,812,4,1211,964
2dust/v2rayNG,2019-05-15T02:15:31Z,2025-08-17T03:16:11Z,Kotlin,498,256,3415,3409
parcel-bundler/parcel,2017-08-07T16:36:47Z,2025-08-08T02:48:38Z,JavaScript,2591,48,5486,5009
run-llama/llama_index,2022-11-02T04:24:54Z,2025-08-20T22:51:45Z,Python,7007,404,6611,6392
DovAmir/awesome-design-patterns,2018-06-04T17:47:48Z,2024-10-25T19:57:00Z,N/A,30,0,15,5
astaxie/build-web-application-with-golang,2012-08-02T11:49:35Z,2024-05-12T00:47:46Z,Go,757,0,304,183
usememos/memos,2021-12-08T15:30:18Z,2025-08-19T13:57:38Z,Go,1796,80,2461,2437
karpathy/nanoGPT,2022-12-28T00:51:12Z,2024-12-09T23:53:04Z,Python,45,0,337,109
acmesh-official/acme.sh,2015-12-26T12:56:33Z,2025-08-19T02:05:37Z,Shell,1422,44,3318,2239
react-hook-form/react-hook-form,2019-03-05T23:47:10Z,2025-08-19T23:02:58Z,TypeScript,2071,585,4834,4761
babel/babel,2014-09-28T13:38:23Z,2025-08-15T21:11:04Z,TypeScript,6282,442,8996,8401
aymericdamien/TensorFlow-Examples,2015-11-11T14:21:19Z,2024-07-26T19:46:13Z,Jupyter Notebook,88,0,237,70
square/retrofit,2010-09-06T21:39:43Z,2025-08-18T17:56:41Z,HTML,1184,4,2748,2621
microsoft/monaco-editor,2016-06-07T16:56:31Z,2025-08-15T22:22:30Z,JavaScript,467,91,3834,3153
jeecgboot/JeecgBoot,2018-11-26T10:40:00Z,2025-08-20T11:40:02Z,Java,122,61,7570,7548
FuelLabs/fuels-rs,2021-10-31T22:33:54Z,2025-08-19T11:54:03Z,Rust,899,117,658,609
FuelLabs/fuels-ts,2021-09-03T18:11:03Z,2025-08-17T19:28:01Z,TypeScript,1969,154,1456,1398
prisma/prisma,2019-06-20T13:33:47Z,2025-08-20T22:15:57Z,TypeScript,6340,223,11356,9045
grpc/grpc,2014-12-08T18:58:53Z,2025-08-20T22:59:39Z,C++,20015,355,11792,11117
LeCoupa/awesome-cheatsheets,2017-11-09T02:47:15Z,2024-08-24T21:07:02Z,JavaScript,169,0,96,59
yangshun/front-end-interview-handbook,2018-01-13T19:40:08Z,2025-08-20T11:59:10Z,MDX,346,0,101,91
streamich/react-use,2018-10-27T10:16:05Z,2025-08-19T17:15:36Z,TypeScript,1532,256,597,244
Leaflet/Leaflet,2010-09-22T16:57:44Z,2025-08-19T19:53:46Z,JavaScript,3115,33,5278,4883
metabase/metabase,2015-02-02T19:25:47Z,2025-08-20T23:06:00Z,Clojure,34012,676,23046,19464
RocketChat/Rocket.Chat,2015-05-19T07:36:09Z,2025-08-20T23:05:21Z,TypeScript,14468,1000,16353,13775
pyenv/pyenv,2012-08-31T06:57:52Z,2025-08-16T17:17:53Z,Roff,974,132,1858,1805
GitSquared/edex-ui,2017-01-28T09:35:02Z,2021-10-19T22:38:47Z,JavaScript,399,29,559,553
FlowiseAI/Flowise,2023-03-31T12:23:09Z,2025-08-19T16:38:59Z,TypeScript,1329,73,2244,1629
sudheerj/reactjs-interview-questions,2018-05-31T17:17:01Z,2025-08-20T14:55:15Z,JavaScript,162,0,110,107
jellyfin/jellyfin,2018-12-09T06:36:45Z,2025-08-19T17:42:52Z,C#,4816,91,7271,6880
expo/expo,2016-08-15T17:14:25Z,2025-08-20T22:05:30Z,TypeScript,17903,0,16962,16530
ggml-org/whisper.cpp,2022-09-25T18:26:37Z,2025-08-18T17:30:50Z,C++,863,27,1748,832
coreybutler/nvm-windows,2014-09-20T16:37:28Z,2025-03-31T10:37:07Z,Go,107,23,926,847
Unitech/pm2,2013-05-21T03:25:25Z,2025-06-05T09:16:23Z,JavaScript,551,128,5080,4078
ClickHouse/ClickHouse,2016-06-02T08:28:18Z,2025-08-20T22:24:05Z,C++,50380,672,24971,20538
k88hudson/git-flight-rules,2014-07-22T20:35:09Z,2025-04-11T22:26:43Z,N/A,225,0,73,55
opendatalab/MinerU,2024-02-29T08:52:34Z,2025-08-19T06:46:02Z,Python,1025,121,1675,1545
alex/what-happens-when,2013-11-07T04:30:06Z,2024-08-19T13:02:25Z,N/A,108,0,292,53
coqui-ai/TTS,2020-05-20T15:45:28Z,2024-08-16T12:07:14Z,Python,465,98,1189,1185
GokuMohandas/Made-With-ML,2018-11-05T03:44:27Z,2024-08-18T04:34:15Z,Jupyter Notebook,147,0,74,58
Alamofire/Alamofire,2014-07-31T05:56:19Z,2025-05-14T03:37:18Z,Swift,650,102,2799,2757
faif/python-patterns,2012-06-06T21:02:35Z,2025-07-19T00:16:40Z,Python,273,0,93,83
Light-City/CPlusPlusThings,2019-07-14T08:45:45Z,2024-06-14T01:58:36Z,C++,72,0,228,218
astral-sh/ruff,2022-08-09T17:17:44Z,2025-08-20T22:50:57Z,Rust,11164,375,7123,5617
getsentry/sentry,2010-08-30T22:06:41Z,2025-08-20T23:10:59Z,Python,72717,154,15733,13585
apache/spark,2014-02-25T08:00:08Z,2025-08-20T14:03:03Z,Scala,8,0,0,0
apache/airflow,2015-04-13T18:04:58Z,2025-08-20T22:14:26Z,Python,29302,103,12433,11145
iina/iina,2016-12-19T07:18:45Z,2025-08-16T21:50:55Z,Swift,851,45,4185,2427
Stability-AI/stablediffusion,2022-11-23T23:59:50Z,2025-06-25T14:18:37Z,Python,17,0,324,76
Kong/kong,2014-11-17T23:56:08Z,2025-08-19T03:57:06Z,Lua,6478,145,4557,4486
yarnpkg/yarn,2016-01-19T17:39:16Z,2025-08-19T19:54:55Z,JavaScript,1654,152,6606,4731
NaiboWang/EasySpider,2020-07-18T02:41:27Z,2025-07-31T07:56:57Z,JavaScript,40,10,711,485
freqtrade/freqtrade,2017-05-17T23:48:53Z,2025-08-20T04:45:37Z,Python,5894,100,5328,5301
spf13/cobra,2013-09-03T20:40:26Z,2025-08-11T13:58:23Z,Go,614,24,1211,986
tldraw/tldraw,2021-05-09T11:48:37Z,2025-08-20T16:29:32Z,TypeScript,3551,80,1742,1515
mingrammer/diagrams,2020-02-02T15:23:24Z,2025-08-18T15:20:34Z,Python,328,44,532,222
nolimits4web/swiper,2012-03-14T19:11:45Z,2025-08-13T22:34:49Z,JavaScript,604,87,5751,5537
apachecn/ailearning,2017-02-25T08:53:02Z,2024-11-12T16:21:55Z,Python,478,2,115,112
apache/dubbo,2012-06-19T07:56:02Z,2025-08-20T07:37:30Z,Java,5786,111,7274,6474
bailicangdu/vue2-elm,2016-12-23T01:49:20Z,2025-04-11T12:52:02Z,Vue,21,0,630,512
bevyengine/bevy,2020-01-18T21:13:55Z,2025-08-20T22:55:26Z,Rust,6187,43,7204,4823
tw93/Pake,2022-10-14T09:32:57Z,2025-08-20T13:28:51Z,Rust,100,31,400,352
zai-org/ChatGLM-6B,2023-03-13T12:00:18Z,2024-06-27T04:05:25Z,Python,48,0,1308,751
hpcaitech/ColossalAI,2021-10-28T16:19:44Z,2025-08-18T09:10:00Z,Python,3699,50,1725,1298
dcloudio/uni-app,2018-07-12T08:52:39Z,2025-08-20T12:33:38Z,JavaScript,457,0,4921,4231
AykutSarac/jsoncrack.com,2022-01-30T15:25:18Z,2025-07-31T15:36:30Z,TypeScript,85,22,266,234
nwjs/nw.js,2012-01-04T06:21:10Z,2025-08-20T16:06:57Z,JavaScript,575,0,7399,6477
KRTirtho/spotube,2021-02-14T03:17:58Z,2025-08-19T16:34:47Z,Dart,246,40,1862,1082
streamlit/streamlit,2019-08-24T00:14:52Z,2025-08-20T23:07:28Z,Python,5657,105,5389,4285
docker/awesome-compose,2020-02-13T08:51:42Z,2025-07-22T05:26:19Z,HTML,149,0,127,40
styled-components/styled-components,2016-08-16T06:41:32Z,2025-06-18T19:28:46Z,TypeScript,966,176,2953,2651
psf/black,2018-03-14T19:54:45Z,2025-08-19T12:31:01Z,Python,1585,46,2722,2393
vuetifyjs/vuetify,2016-09-12T00:39:35Z,2025-08-20T21:59:01Z,TypeScript,4387,605,14900,14398
hexojs/hexo,2012-09-23T15:17:08Z,2025-08-16T00:51:53Z,TypeScript,945,114,3985,3912
ziglang/zig,2015-08-06T00:51:28Z,2025-08-20T21:38:45Z,Zig,9171,20,13084,9696
zhongyang219/TrafficMonitor,2017-07-30T02:51:17Z,2025-07-31T09:36:00Z,C++,63,26,1883,712
fastlane/fastlane,2014-12-02T17:00:38Z,2025-08-07T21:19:55Z,Ruby,6234,552,13186,12500
cli/cli,2019-10-03T15:24:53Z,2025-08-20T17:03:46Z,Go,2602,173,5132,4299
1c7/chinese-independent-developer,2017-09-21T11:08:23Z,2025-08-19T05:56:05Z,N/A,312,0,200,198
bannedbook/fanqiang,2015-01-14T00:34:25Z,2025-08-19T12:08:26Z,Kotlin,3,3,794,466
mitmproxy/mitmproxy,2010-02-16T04:10:13Z,2025-08-19T21:04:35Z,Python,2632,76,3559,3228
SimplifyJobs/Summer2026-Internships,2020-05-23T20:53:18Z,2025-08-20T23:07:23Z,N/A,1673,0,3609,3587
dylanaraps/pure-bash-bible,2018-06-13T01:39:33Z,2023-11-28T03:26:23Z,Shell,28,0,77,33
tabler/tabler,2018-02-01T09:08:59Z,2025-08-18T15:16:15Z,HTML,722,51,1090,1004
chubin/cheat.sh,2017-05-07T21:40:56Z,2025-08-08T05:15:06Z,Python,129,0,258,133
LC044/WeChatMsg,2023-01-11T05:03:49Z,2025-04-26T17:26:17Z,N/A,62,0,0,0
deepspeedai/DeepSpeed,2020-01-23T18:35:18Z,2025-08-20T22:33:19Z,Python,2746,98,3175,2083
GitHubDaily/GitHubDaily,2018-12-30T13:56:58Z,2025-03-20T08:54:47Z,N/A,3,0,574,176
microsoft/AI-For-Beginners,2021-03-03T16:27:36Z,2025-08-20T20:26:17Z,Jupyter Notebook,170,0,135,106
penpot/penpot,2015-12-29T22:09:07Z,2025-08-20T16:33:12Z,Clojure,4510,59,1919,1429
colinhacks/zod,2020-03-07T20:59:08Z,2025-08-20T22:59:26Z,TypeScript,837,179,2701,2502
bradtraversy/50projects50days,2020-11-16T14:39:01Z,2025-02-26T13:49:39Z,CSS,44,0,0,0
chakra-ui/chakra-ui,2019-08-17T14:27:54Z,2025-08-20T18:58:29Z,TypeScript,2811,1000,4147,4146
gradio-app/gradio,2018-12-19T08:24:04Z,2025-08-20T22:47:55Z,Python,4747,1000,5925,5494
helix-editor/helix,2020-06-01T04:26:56Z,2025-08-19T22:19:53Z,Rust,4247,30,5376,4536
lukasz-madon/awesome-remote-job,2015-01-02T00:31:34Z,2025-07-30T18:42:16Z,N/A,592,0,79,75
slidevjs/slidev,2021-04-24T01:25:23Z,2025-08-20T07:18:54Z,TypeScript,711,394,1213,1073
virattt/ai-hedge-fund,2024-11-29T16:30:01Z,2025-08-20T19:46:02Z,Python,33,0,217,198
google-research/bert,2018-10-25T22:57:34Z,2024-07-23T23:39:41Z,Python,32,0,1145,355
wg/wrk,2012-03-20T11:12:28Z,2023-12-30T10:33:51Z,C,0,0,406,262
php/php-src,2011-06-16T01:52:25Z,2025-08-20T10:03:03Z,C,4253,23,4320,3494
QSCTech/zju-icicles,2016-06-28T16:17:32Z,2025-06-23T16:45:51Z,HTML,224,0,78,69
harry0703/MoneyPrinterTurbo,2024-03-11T02:57:34Z,2025-06-11T06:34:54Z,Python,136,9,573,393
evanw/esbuild,2016-06-14T16:08:50Z,2025-08-13T02:31:20Z,Go,246,301,3758,3245
gedoor/legado,2019-05-22T04:18:58Z,2025-08-18T06:51:31Z,Kotlin,1134,115,2966,2922
floodsung/Deep-Learning-Papers-Reading-Roadmap,2016-10-14T11:49:48Z,2022-11-27T13:18:32Z,Python,28,0,57,5
sharkdp/fd,2017-05-09T21:27:10Z,2025-08-19T20:17:09Z,Rust,651,40,917,787
upscayl/upscayl,2022-07-30T17:19:20Z,2025-08-01T14:28:41Z,TypeScript,100,29,950,890
byoungd/English-level-up-tips,2017-05-30T07:18:52Z,2024-07-13T17:58:27Z,HTML,26,0,101,72
ChrisTitusTech/winutil,2022-04-28T02:25:19Z,2025-08-09T15:33:50Z,PowerShell,846,22,1900,1707
videojs/video.js,2010-05-14T18:45:10Z,2025-08-01T12:24:02Z,JavaScript,1801,332,5384,4807
lm-sys/FastChat,2023-03-19T00:18:02Z,2025-06-02T15:22:03Z,Python,849,14,1899,1066
Dogfalo/materialize,2014-09-12T19:35:38Z,2025-08-10T02:17:57Z,JavaScript,449,41,5222,4599
pingcap/tidb,2015-09-06T04:01:52Z,2025-08-20T19:51:02Z,Go,33085,210,21289,17245
jgm/pandoc,2010-03-20T20:34:23Z,2025-08-18T12:05:01Z,Haskell,1684,147,7983,7015
vim/vim,2015-08-18T21:03:56Z,2025-08-20T20:29:10Z,Vim Script,440,0,8921,7406
go-gorm/gorm,2013-10-25T08:31:38Z,2025-08-20T04:51:20Z,Go,753,5,6001,5548
tmux/tmux,2015-06-03T23:32:55Z,2025-08-04T15:01:24Z,C,1,37,3715,3659
curl/curl,2010-03-18T22:32:22Z,2025-08-20T20:56:06Z,C,198,91,5150,5138
ray-project/ray,2016-10-25T19:38:30Z,2025-08-20T23:06:40Z,Python,27139,108,20917,18223
remoteintech/remote-jobs,2015-10-13T03:49:25Z,2025-07-23T00:32:09Z,JavaScript,1283,0,190,168
zhayujie/chatgpt-on-wechat,2022-08-07T08:33:41Z,2025-08-08T02:47:49Z,Python,261,63,1999,1699
mem0ai/mem0,2023-06-20T08:58:36Z,2025-08-20T21:11:27Z,Python,1666,265,1090,734
aria2/aria2,2010-11-27T09:41:48Z,2025-08-18T08:51:00Z,C++,253,24,1891,824
google/styleguide,2015-05-20T19:18:59Z,2025-07-31T22:16:21Z,HTML,194,0,355,239
suno-ai/bark,2023-04-07T19:34:48Z,2024-08-19T07:45:36Z,Jupyter Notebook,19,0,469,239
DIYgod/RSSHub,2018-04-02T14:43:21Z,2025-08-20T15:22:06Z,TypeScript,11052,0,6091,5739
saadeghi/daisyui,2020-11-28T22:57:27Z,2025-08-18T00:45:02Z,Svelte,426,100,1974,1927
QuivrHQ/quivr,2023-05-12T23:53:30Z,2025-07-09T12:55:23Z,Python,1819,354,1535,1533
phaserjs/phaser,2013-04-12T12:27:51Z,2025-08-19T04:44:41Z,JavaScript,1729,171,4553,4473
trpc/trpc,2020-07-18T01:17:11Z,2025-08-20T23:11:48Z,TypeScript,3711,218,1283,1139
files-community/Files,2019-01-04T18:19:14Z,2025-08-20T04:45:55Z,C#,5336,123,10600,10104
makeplane/plane,2022-11-19T12:55:01Z,2025-08-20T22:15:52Z,TypeScript,5588,48,1315,869
photoprism/photoprism,2018-01-27T12:00:15Z,2025-08-20T11:17:54Z,Go,811,78,2381,1957
logseq/logseq,2020-05-23T00:06:06Z,2025-08-20T20:49:36Z,Clojure,3065,150,7918,6691
PhilJay/MPAndroidChart,2014-04-25T14:29:47Z,2025-06-05T07:06:39Z,Java,191,44,4963,2899
freefq/free,2020-06-07T02:48:33Z,2024-08-20T09:43:55Z,N/A,0,0,751,216
impress/impress.js,2011-12-28T22:23:19Z,2025-08-06T20:46:54Z,JavaScript,120,15,483,431
google/leveldb,2014-08-27T21:17:52Z,2025-01-30T17:33:01Z,C++,64,21,777,537
koalaman/shellcheck,2012-11-17T03:15:11Z,2025-08-12T17:10:23Z,Haskell,306,30,2848,1718
preactjs/preact,2015-09-11T02:40:18Z,2025-08-20T17:22:09Z,JavaScript,1918,231,1893,1838
appsmithorg/appsmith,2020-06-30T04:07:36Z,2025-08-20T16:39:58Z,TypeScript,13947,290,23569,19225
ccxt/ccxt,2017-05-14T15:41:56Z,2025-08-20T20:11:03Z,Python,13359,173,10912,10093
novuhq/novu,2021-08-26T15:22:44Z,2025-08-20T17:48:53Z,TypeScript,6010,50,1618,1398
calcom/cal.com,2021-03-22T13:47:42Z,2025-08-20T23:14:13Z,TypeScript,10511,509,8081,6948
goabstract/Awesome-Design-Tools,2019-02-12T13:55:30Z,2024-07-28T19:57:31Z,JavaScript,283,0,43,25
gto76/python-cheatsheet,2018-01-25T04:16:53Z,2025-07-31T18:22:41Z,Python,14,0,65,60
2noise/ChatTTS,2024-05-27T18:26:49Z,2025-07-06T15:11:14Z,Python,214,6,656,587
karanpratapsingh/system-design,2022-08-15T18:59:54Z,2024-04-10T15:00:47Z,N/A,11,0,22,21
FreeCodeCampChina/freecodecamp.cn,2016-09-30T03:13:43Z,2023-07-16T16:48:59Z,CSS,55,0,586,445
LAION-AI/Open-Assistant,2022-12-13T05:24:17Z,2024-08-17T01:55:35Z,Python,1614,127,1645,1417
ant-design/ant-design-pro,2017-08-25T10:40:44Z,2025-08-15T08:39:00Z,TypeScript,1008,26,9754,9601
gofiber/fiber,2020-01-16T03:59:20Z,2025-08-20T06:30:50Z,Go,1801,127,1570,1481
cloudcommunity/Free-Certifications,2020-07-31T10:26:19Z,2025-07-22T03:37:50Z,N/A,114,0,106,69
menloresearch/jan,2023-08-17T02:17:10Z,2025-08-20T16:42:26Z,TypeScript,2656,87,2845,2712
eugenp/tutorials,2013-04-29T18:26:36Z,2025-08-20T13:08:07Z,Java,13365,0,789,772
lapce/lapce,2018-02-06T08:41:06Z,2025-08-20T00:44:58Z,Rust,1171,32,1977,1177
istio/istio,2016-11-18T23:57:21Z,2025-08-20T17:30:21Z,Go,28426,393,21151,20684
DataExpert-io/data-engineer-handbook,2023-11-19T19:47:41Z,2025-08-18T22:00:46Z,Jupyter Notebook,171,0,77,64
naptha/tesseract.js,2015-06-24T02:49:52Z,2025-08-06T17:11:18Z,JavaScript,195,56,726,695
payloadcms/payload,2021-01-05T18:49:45Z,2025-08-20T20:11:59Z,TypeScript,5810,521,3732,3351
fastapi/full-stack-fastapi-template,2019-02-23T15:08:34Z,2025-08-20T13:40:54Z,TypeScript,411,10,430,260
dotnet/aspnetcore,2014-03-11T06:09:42Z,2025-08-20T21:58:28Z,C#,17751,258,37598,34035
TencentARC/GFPGAN,2021-03-19T06:18:20Z,2024-07-26T18:44:02Z,Python,14,8,499,134
dockur/windows,2024-01-14T13:09:40Z,2025-08-18T03:43:35Z,Shell,411,104,831,737
0voice/interview_internal_reference,2019-06-10T06:54:19Z,2024-05-20T12:04:02Z,Python,35,0,49,19
Kong/insomnia,2016-04-23T03:54:26Z,2025-08-20T11:43:00Z,TypeScript,3349,524,3875,3195
inkonchain/docs,2024-05-07T16:49:36Z,2025-08-18T07:43:19Z,MDX,393,0,34,13
denysdovhan/wtfjs,2017-07-14T15:42:12Z,2025-03-18T13:55:28Z,JavaScript,125,25,117,95
inkonchain/node,2024-05-13T23:20:40Z,2025-07-23T18:13:58Z,Shell,35,6,23,13
freeCodeCamp/devdocs,2013-10-24T18:16:07Z,2025-08-20T22:51:57Z,Ruby,926,0,1230,1039
NervJS/taro,2018-04-08T09:32:26Z,2025-08-20T21:53:27Z,TypeScript,3392,200,12541,11014
Aider-AI/aider,2023-05-09T18:57:49Z,2025-08-13T17:30:01Z,Python,263,93,3689,2693
inkonchain/ink-kit,2024-11-04T16:32:17Z,2025-07-23T18:10:56Z,TypeScript,90,0,4,3
siyuan-note/siyuan,2020-08-30T09:21:35Z,2025-08-20T11:36:18Z,TypeScript,481,812,14899,14462
facebookresearch/faiss,2017-02-07T16:07:05Z,2025-08-20T21:34:21Z,C++,137,20,2673,2441
milvus-io/milvus,2019-09-16T06:43:43Z,2025-08-20T11:17:49Z,Go,22768,128,14039,13456
exacity/deeplearningbook-chinese,2016-12-07T11:46:51Z,2019-12-03T04:25:44Z,TeX,16,7,203,139
vlang/v,2019-02-08T02:57:06Z,2025-08-20T19:49:47Z,V,12265,274,9686,8593
huihut/interview,2018-02-09T09:49:48Z,2025-07-27T12:36:29Z,C++,35,0,66,65
alibaba/arthas,2018-08-29T17:15:57Z,2025-07-30T07:50:51Z,Java,540,59,2094,1722
google/googletest,2015-07-28T15:07:53Z,2025-08-20T05:05:51Z,C++,813,11,2323,1979
halo-dev/halo,2018-03-21T12:56:52Z,2025-08-20T10:06:57Z,Java,2614,226,4318,4019
AobingJava/JavaFamily,2019-11-12T04:26:18Z,2024-09-04T09:25:59Z,N/A,2,0,65,60
satwikkansal/wtfpython,2017-08-28T20:22:19Z,2025-05-10T11:50:03Z,Python,113,2,222,157
babysor/MockingBird,2021-08-07T03:53:39Z,2024-11-15T05:00:29Z,Python,80,1,888,412
openai/gym,2016-04-27T14:59:16Z,2024-10-11T20:07:05Z,Python,998,19,1838,1726
docling-project/docling,2024-07-09T07:50:26Z,2025-08-20T15:25:08Z,Python,513,116,1100,620
httpie/cli,2012-02-25T12:39:13Z,2024-12-17T17:30:35Z,Python,406,47,902,722
ToolJet/ToolJet,2021-03-30T08:51:34Z,2025-08-20T21:31:58Z,JavaScript,6650,318,5002,4362
usebruno/bruno,2022-09-27T20:51:45Z,2025-08-20T16:01:16Z,JavaScript,1262,140,3046,1846
chatboxai/chatbox,2023-03-06T12:22:15Z,2025-08-20T08:29:12Z,TypeScript,71,47,2271,1450
zbezj/HEU_KMS_Activator,2019-06-23T00:49:35Z,2025-08-19T13:44:06Z,N/A,0,48,182,28
google-research/google-research,2018-10-04T18:42:48Z,2025-08-14T20:04:23Z,Jupyter Notebook,29,0,1405,343
open-guides/og-aws,2016-07-13T17:30:16Z,2024-08-16T02:51:54Z,Shell,498,0,227,87
rapid7/metasploit-framework,2011-08-30T06:13:20Z,2025-08-20T19:01:53Z,Ruby,11344,0,6277,5843
hiroi-sora/Umi-OCR,2022-03-28T04:01:46Z,2025-05-31T08:22:02Z,Python,56,31,782,512
nushell/nushell,2019-05-10T16:59:42Z,2025-08-20T18:46:27Z,Rust,7894,111,6629,5150
opentofu/manifesto,2023-08-13T16:17:24Z,2025-03-18T18:26:51Z,HTML,765,0,26,14
date-fns/date-fns,2014-10-06T10:24:22Z,2025-08-14T23:54:15Z,TypeScript,1068,122,1997,1367
shadowsocks/shadowsocks-android,2012-12-16T13:40:29Z,2025-07-12T23:41:14Z,Kotlin,256,185,2505,2457
NanmiCoder/MediaCrawler,2023-06-09T12:14:34Z,2025-08-18T11:15:50Z,Python,101,0,491,391
lerna/lerna,2015-12-04T09:36:55Z,2025-08-06T17:08:47Z,TypeScript,997,244,2673,2277
docker/compose,2013-12-09T11:40:58Z,2025-08-20T10:53:41Z,Go,3541,263,8116,8038
crewAIInc/crewAI,2023-10-27T03:26:59Z,2025-08-20T23:14:39Z,Python,934,99,1485,1435
chatchat-space/Langchain-Chatchat,2023-03-31T12:12:45Z,2025-03-25T15:45:51Z,TypeScript,615,31,4186,4079
XingangPan/DragGAN,2023-05-18T10:08:02Z,2024-05-18T17:51:40Z,Python,18,0,191,46
SheetJS/sheetjs,2012-12-03T19:25:52Z,2024-04-18T08:06:46Z,N/A,106,0,2386,2267
formulahendry/955.WLB,2019-03-27T23:53:37Z,2025-02-03T05:15:20Z,N/A,18,0,263,82
geekxh/hello-algorithm,2020-05-29T05:47:09Z,2023-06-13T04:13:17Z,Java,26,0,44,33
imputnet/cobalt,2022-07-08T18:12:55Z,2025-08-19T08:07:36Z,Svelte,243,0,939,776
openai/codex,2025-04-13T05:37:54Z,2025-08-20T23:13:06Z,Rust,898,83,931,654
typeorm/typeorm,2016-02-29T07:41:14Z,2025-08-18T18:28:55Z,TypeScript,2176,38,8398,6058
carbon-app/carbon,2017-06-16T02:50:28Z,2025-06-03T06:16:59Z,JavaScript,668,215,686,627
koajs/koa,2013-07-20T18:53:45Z,2025-08-18T08:10:06Z,JavaScript,522,9,925,909
hankcs/HanLP,2014-10-09T06:36:16Z,2025-05-15T02:30:50Z,Python,79,62,1429,1421
alvarotrigo/fullPage.js,2013-09-20T11:58:29Z,2025-06-28T00:48:36Z,JavaScript,320,105,4131,3999
airbnb/lottie-android,2016-10-06T22:42:42Z,2025-08-08T21:24:48Z,Java,713,59,1778,1744
PKUanonym/REKCARC-TSC-UHT,2019-04-05T03:31:23Z,2025-07-10T04:19:42Z,HTML,170,0,32,30
kilimchoi/engineering-blogs,2015-06-13T18:25:17Z,2024-08-21T13:01:11Z,Ruby,681,0,97,74
markedjs/marked,2011-07-24T13:15:51Z,2025-08-18T00:58:03Z,TypeScript,1554,156,1603,1591
mindsdb/mindsdb,2018-08-02T17:56:45Z,2025-08-20T12:53:15Z,Python,5367,311,4303,4246
zen-browser/desktop,2024-03-28T00:05:55Z,2025-08-20T22:43:48Z,C++,478,115,6906,6522
jondot/awesome-react-native,2015-03-26T19:58:06Z,2024-07-05T13:12:41Z,JavaScript,912,0,73,35
HeyPuter/puter,2024-03-03T01:44:32Z,2025-08-20T21:53:02Z,JavaScript,590,8,694,514
nativefier/nativefier,2015-07-05T05:56:42Z,2023-09-29T13:45:16Z,TypeScript,261,99,1237,982
spacedriveapp/spacedrive,2021-09-27T05:09:04Z,2025-03-24T14:19:49Z,TypeScript,1881,26,507,388
junegunn/vim-plug,2013-09-10T14:58:51Z,2025-03-29T05:17:01Z,Vim Script,177,8,1037,966
sqlmapproject/sqlmap,2012-06-26T09:52:15Z,2025-08-19T09:32:01Z,Python,173,10,5343,5296
huggingface/pytorch-image-models,2019-02-02T05:51:12Z,2025-08-08T19:23:26Z,Python,479,69,997,946
sahat/hackathon-starter,2013-11-13T17:24:12Z,2025-07-30T18:07:42Z,JavaScript,347,17,680,670
twentyhq/twenty,2022-12-01T13:04:40Z,2025-08-20T20:57:41Z,TypeScript,7191,45,5195,5010
alebcay/awesome-shell,2014-07-07T01:57:42Z,2024-08-21T06:53:29Z,N/A,307,0,62,23
unknwon/the-way-to-go_ZH_CN,2013-03-24T17:18:38Z,2024-08-14T07:04:25Z,Go,592,0,0,0
pola-rs/polars,2020-05-13T19:45:33Z,2025-08-20T12:45:08Z,Rust,11472,226,11283,8717
bumptech/glide,2013-07-08T22:52:33Z,2025-08-18T16:47:03Z,Java,570,47,4482,3920
TeamNewPipe/NewPipe,2015-09-03T23:39:26Z,2025-08-17T22:14:33Z,Java,1661,137,9626,8405
fengdu78/Coursera-ML-AndrewNg-Notes,2017-11-04T10:04:08Z,2024-06-10T00:47:49Z,HTML,13,0,68,15
doocs/leetcode,2018-09-16T14:03:03Z,2025-08-20T02:10:43Z,Java,4092,21,56,56
reworkd/AgentGPT,2023-04-07T02:29:19Z,2025-04-29T01:19:32Z,TypeScript,539,12,467,337
mudler/LocalAI,2023-03-18T22:58:02Z,2025-08-20T21:05:39Z,Go,3918,83,1082,702
microsoft/ai-agents-for-beginners,2024-11-28T10:42:52Z,2025-07-24T10:58:47Z,Jupyter Notebook,145,0,67,56
yeongpin/cursor-free-vip,2025-01-11T08:14:22Z,2025-06-18T02:18:31Z,Python,74,69,1023,473
outline/outline,2016-05-22T21:31:47Z,2025-08-20T14:34:18Z,TypeScript,3337,147,3489,3400
sorrycc/awesome-javascript,2014-07-01T15:59:02Z,2025-08-04T20:42:39Z,N/A,393,0,93,88
BVLC/caffe,2013-09-12T18:39:48Z,2024-07-31T23:10:28Z,C++,1087,14,4801,3902
charmbracelet/bubbletea,2020-01-10T21:04:03Z,2025-08-19T19:13:52Z,Go,628,62,368,294
ghostty-org/ghostty,2022-03-29T17:38:26Z,2025-08-20T20:56:31Z,Zig,2591,1,1775,1633
chenfei-wu/TaskMatrix,2023-03-02T09:04:28Z,2024-01-06T02:41:20Z,Python,21,0,357,136
fastify/fastify,2016-09-28T19:10:14Z,2025-08-15T22:01:29Z,JavaScript,3135,298,2091,2014
nodejs/node-v0.x-archive,2009-05-27T16:29:46Z,2024-08-15T20:32:32Z,N/A,218,0,6379,6379
netty/netty,2010-11-09T09:22:21Z,2025-08-20T22:38:51Z,Java,4429,0,6713,6102
fxsjy/jieba,2012-09-29T07:52:01Z,2024-08-21T09:23:45Z,Python,96,9,866,229
jaredpalmer/formik,2017-06-14T19:50:59Z,2024-10-18T03:18:36Z,TypeScript,829,196,2259,1558
xitu/gold-miner,2015-11-04T03:29:13Z,2024-04-17T09:44:37Z,N/A,3563,0,5601,5592
karpathy/LLM101n,2024-05-27T00:23:38Z,2024-08-01T01:20:33Z,N/A,0,0,0,0
huiyadanli/RevokeMsgPatcher,2019-07-21T15:12:52Z,2025-08-15T14:56:42Z,C#,11,21,884,834
geekan/HowToLiveLonger,2022-04-16T04:15:18Z,2025-05-19T14:10:41Z,N/A,14,0,138,103
roboflow/supervision,2022-11-28T14:08:44Z,2025-08-18T17:34:15Z,Python,967,33,489,415
zenorocha/clipboard.js,2015-09-18T23:04:55Z,2025-08-06T18:47:39Z,JavaScript,117,42,629,618
ManimCommunity/manim,2020-05-19T02:37:13Z,2025-08-18T21:16:46Z,Python,1925,29,1680,1307
myshell-ai/OpenVoice,2023-11-29T12:17:01Z,2025-04-19T16:00:00Z,Python,17,0,316,67
solidjs/solid,2018-04-24T16:36:27Z,2025-08-13T17:14:50Z,TypeScript,385,35,1095,996
portainer/portainer,2016-05-19T20:15:28Z,2025-08-20T03:42:03Z,TypeScript,4777,162,5894,5279
llvm/llvm-project,2016-12-07T09:39:33Z,2025-08-20T23:04:57Z,LLVM,55501,136,86455,60173
testerSunshine/12306,2017-05-17T12:23:40Z,2023-04-02T03:19:43Z,Python,31,1,691,466
atlassian/react-beautiful-dnd,2017-08-09T03:37:15Z,2025-08-18T04:35:31Z,JavaScript,530,68,1617,1045
jaywcjlove/linux-command,2016-11-12T15:44:26Z,2025-08-19T12:05:23Z,Markdown,354,31,207,133
typicode/husky,2014-06-23T12:14:21Z,2024-11-26T00:20:16Z,JavaScript,262,80,1088,1016
laravel/framework,2013-01-10T21:27:28Z,2025-08-20T19:01:40Z,PHP,16627,855,18869,18827
python-poetry/poetry,2018-02-28T15:23:47Z,2025-08-19T17:54:40Z,Python,2331,142,6232,5713
xkcoding/spring-boot-demo,2017-11-10T06:27:29Z,2024-07-24T02:02:52Z,Java,15,0,173,73
geekcomputers/Python,2011-11-30T09:04:08Z,2025-08-20T01:34:50Z,Python,1846,0,486,149
anoma/anoma,2021-02-02T10:00:16Z,2025-08-14T14:27:56Z,Elixir,856,10,699,578
shadowsocks/shadowsocks,2012-04-20T13:10:49Z,2024-04-01T09:07:32Z,Python,70,2,0,0
zsh-users/zsh-autosuggestions,2013-10-26T16:09:37Z,2025-06-24T16:15:03Z,Shell,116,0,612,458
halfrost/LeetCode-Go,2017-07-18T00:06:14Z,2024-12-11T05:55:51Z,Go,178,4,80,64
Blankj/AndroidUtilCode,2016-07-30T18:18:32Z,2024-08-15T10:38:10Z,Java,88,117,1589,1280
alibaba/easyexcel,2018-02-06T03:14:08Z,2024-10-29T06:07:07Z,Java,190,14,3618,3131
AFNetworking/AFNetworking,2011-05-31T21:28:44Z,2023-01-17T19:30:05Z,Objective-C,710,40,0,0
zxing/zxing,2011-10-12T14:07:27Z,2025-08-18T08:46:16Z,Java,318,31,1324,1314
TheAlgorithms/JavaScript,2017-07-13T06:12:33Z,2025-01-22T07:00:31Z,JavaScript,795,0,209,200
deepseek-ai/awesome-deepseek-integration,2024-01-11T02:43:17Z,2025-05-13T09:05:21Z,N/A,230,0,126,39
mattermost/mattermost,2015-06-15T06:50:02Z,2025-08-20T22:27:15Z,TypeScript,19247,844,9046,8380
aseprite/aseprite,2014-08-19T23:44:50Z,2025-08-17T17:58:26Z,C++,406,117,4284,2495
ShareX/ShareX,2013-10-08T23:32:10Z,2025-08-20T20:49:16Z,C#,751,83,6873,6361
veggiemonk/awesome-docker,2014-09-21T17:01:48Z,2025-08-06T16:26:29Z,N/A,939,1,130,127
ryanhanwu/How-To-Ask-Questions-The-Smart-Way,2015-03-28T16:52:40Z,2025-01-01T19:14:38Z,JavaScript,98,0,29,20
XX-net/XX-Net,2015-01-15T09:35:51Z,2025-04-08T22:17:05Z,Python,363,388,13334,5418
Pythagora-io/gpt-pilot,2023-08-16T11:56:07Z,2025-03-04T06:26:32Z,Python,393,0,550,314
ehang-io/nps,2018-11-04T13:22:51Z,2024-05-30T03:51:08Z,Go,74,59,1199,697
exelban/stats,2019-05-29T19:24:56Z,2025-08-19T16:37:13Z,Swift,409,301,2180,2153
jax-ml/jax,2018-10-25T21:25:02Z,2025-08-20T23:12:59Z,Python,15059,126,6464,4878
carbon-language/carbon-lang,2020-04-27T21:45:16Z,2025-08-20T21:21:12Z,C++,4351,409,713,561
adobe/brackets,2011-12-07T21:14:40Z,2022-06-12T08:19:24Z,JavaScript,4332,69,9680,7063
danielmiessler/Fabric,2024-01-03T23:18:31Z,2025-08-20T16:37:52Z,JavaScript,435,248,742,633
harness/harness,2014-02-07T07:54:44Z,2025-08-20T10:50:39Z,Go,1047,53,2006,1933
gulpjs/gulp,2013-07-04T05:26:06Z,2025-06-01T21:52:54Z,JavaScript,411,24,1937,1908
immutable-js/immutable-js,2014-07-02T06:02:29Z,2025-08-20T14:22:48Z,TypeScript,598,89,1262,1169
SeleniumHQ/selenium,2013-01-14T21:40:56Z,2025-08-20T13:16:25Z,Java,3006,108,10931,10782
bilibili/ijkplayer,2013-06-03T04:12:04Z,2024-08-13T00:53:33Z,C,35,0,5375,2548
mifi/lossless-cut,2016-10-30T10:49:56Z,2025-08-18T23:00:34Z,TypeScript,202,100,1633,1426
qishibo/AnotherRedisDesktopManager,2019-01-08T06:01:56Z,2025-06-18T14:50:05Z,JavaScript,152,53,1066,927
hashicorp/vault,2015-02-25T00:15:59Z,2025-08-20T23:13:35Z,Go,21302,168,6385,5244
CMU-Perceptual-Computing-Lab/openpose,2017-04-24T14:06:31Z,2024-08-03T01:59:11Z,C++,174,15,2004,1667
lllyasviel/ControlNet,2023-02-01T02:43:30Z,2024-02-25T09:49:39Z,Python,4,0,569,138
YunaiV/ruoyi-vue-pro,2021-01-24T03:18:25Z,2025-08-20T13:38:57Z,Java,62,44,645,640
shadowsocks/ShadowsocksX-NG,2016-06-10T11:49:00Z,2024-10-29T12:19:30Z,Swift,64,30,1358,1050
bayandin/awesome-awesomeness,2014-07-08T05:44:19Z,2024-06-02T22:46:41Z,Ruby,197,0,68,52
PatrickJS/awesome-cursorrules,2024-09-16T15:38:38Z,2025-08-17T18:54:26Z,MDX,64,0,40,8
lib-pku/libpku,2018-11-22T13:33:06Z,2022-01-05T04:09:27Z,TeX,22,0,43,32
TheAlgorithms/C-Plus-Plus,2016-07-16T10:19:45Z,2025-08-19T00:15:14Z,C++,685,0,321,311
AmruthPillai/Reactive-Resume,2020-03-25T14:08:22Z,2025-08-20T00:11:02Z,TypeScript,633,95,1568,1248
facebookresearch/detectron2,2019-09-05T21:30:20Z,2025-08-13T17:43:25Z,Python,0,10,3555,3091
swc-project/swc,2017-12-22T11:40:14Z,2025-08-20T06:59:43Z,Rust,5588,712,3971,3564
qbittorrent/qBittorrent,2012-02-04T09:37:46Z,2025-08-17T19:05:25Z,C++,3928,0,16844,14547
alan2207/bulletproof-react,2021-05-30T14:47:16Z,2025-04-16T06:04:21Z,TypeScript,70,0,115,77
jqlang/jq,2012-07-18T19:57:25Z,2025-08-18T09:06:57Z,C,640,15,2283,1920
DataTalksClub/data-engineering-zoomcamp,2021-10-21T09:32:50Z,2025-07-17T09:55:25Z,Jupyter Notebook,395,0,136,134
pnpm/pnpm,2016-01-28T07:40:43Z,2025-08-20T21:43:52Z,TypeScript,2673,1000,4889,3015
certbot/certbot,2014-11-12T02:52:20Z,2025-08-19T18:16:00Z,Python,4003,62,5464,5338
pbatard/rufus,2011-11-19T19:12:05Z,2025-07-29T17:00:05Z,C,1,84,2511,2503
ibraheemdev/modern-unix,2021-01-12T00:50:14Z,2024-09-10T19:48:56Z,N/A,15,0,83,30
drawdb-io/drawdb,2023-07-16T17:09:20Z,2025-08-19T17:03:27Z,JavaScript,232,0,240,157
google/material-design-lite,2015-01-14T22:01:33Z,2025-03-11T00:13:36Z,HTML,655,14,2195,1813
refinedev/refine,2021-01-20T12:01:32Z,2025-08-20T21:28:16Z,TypeScript,4424,1000,1654,1622
pcottle/learnGitBranching,2012-08-13T22:36:09Z,2025-08-15T03:59:45Z,JavaScript,604,0,516,467
gchq/CyberChef,2016-11-28T10:34:07Z,2025-08-06T08:54:32Z,JavaScript,510,447,1056,626
SerenityOS/serenity,2018-12-02T19:28:41Z,2025-08-19T17:19:54Z,C++,19524,0,4248,3522
beego/beego,2012-02-29T02:32:08Z,2025-08-20T13:51:42Z,Go,1325,42,3374,3366
explosion/spaCy,2014-07-03T15:15:40Z,2025-05-28T15:28:05Z,Python,3590,129,5717,5550
xinntao/Real-ESRGAN,2021-07-19T03:23:30Z,2024-08-06T13:15:18Z,Python,21,10,725,171
CorentinTh/it-tools,2020-04-05T11:50:24Z,2025-08-19T13:41:18Z,Vue,491,10,617,199
lizongying/my-tv,2023-12-04T12:18:39Z,2024-06-20T06:21:11Z,C,11,72,919,774
duckdb/duckdb,2018-06-26T15:04:45Z,2025-08-20T19:41:08Z,C++,8194,51,6119,5659
directus/directus,2012-12-12T01:35:36Z,2025-08-20T23:15:33Z,TypeScript,8083,342,9356,9054
mckaywrigley/chatbot-ui,2023-03-11T14:53:14Z,2024-08-03T00:38:07Z,TypeScript,280,0,993,817
ueberdosis/tiptap,2018-08-20T19:58:58Z,2025-08-20T14:41:32Z,TypeScript,1248,896,3234,2534
The-Run-Philosophy-Organization/run,2022-04-10T05:42:40Z,2024-07-31T03:44:51Z,N/A,171,0,256,214
agno-agi/agno,2022-05-04T15:23:02Z,2025-08-20T22:16:49Z,Python,1741,86,1263,1138
TabbyML/tabby,2023-03-16T09:18:01Z,2025-08-19T20:03:43Z,Rust,2969,241,937,733
alibaba/nacos,2018-06-15T06:49:27Z,2025-08-19T08:27:41Z,Java,3152,83,9152,8897
balena-io/etcher,2015-10-27T16:53:23Z,2025-07-29T12:17:38Z,TypeScript,1731,289,2379,1823
Chanzhaoyu/chatgpt-web,2023-02-09T03:21:37Z,2024-08-16T15:26:57Z,Vue,159,43,1747,1747
yewstack/yew,2017-12-16T14:19:02Z,2025-08-20T13:52:50Z,Rust,1798,35,1256,1143
pathwaycom/pathway,2022-11-27T13:01:14Z,2025-08-20T13:34:11Z,Python,5,75,97,53
CherryHQ/cherry-studio,2024-05-24T01:56:26Z,2025-08-20T19:25:19Z,TypeScript,1912,190,6288,5763
vercel/swr,2019-10-28T18:16:01Z,2025-08-11T15:20:44Z,TypeScript,795,123,958,817
ziadoz/awesome-php,2013-11-26T03:14:19Z,2025-05-12T08:36:08Z,N/A,453,0,153,152
chatanywhere/GPT_API_free,2023-04-23T12:42:08Z,2025-08-08T11:10:19Z,Python,1,0,377,353
Trinea/android-open-project,2014-01-05T15:20:15Z,2025-08-02T15:31:51Z,N/A,204,0,86,75
v2fly/v2ray-core,2019-04-15T10:05:54Z,2025-08-20T22:23:00Z,Go,909,111,1040,1002
binarywang/WxJava,2016-01-06T08:24:05Z,2025-08-08T10:25:32Z,Java,1053,30,2371,2307
shardeum/shardeum,2024-04-16T22:37:25Z,2025-08-19T04:12:54Z,TypeScript,325,0,38,33
facebookresearch/fairseq,2017-08-29T16:26:12Z,2025-06-10T21:41:39Z,Python,234,16,4247,3056
mpv-player/mpv,2012-10-13T08:08:44Z,2025-08-20T13:34:55Z,C,3500,87,10542,9641
vnpy/vnpy,2015-03-02T03:36:58Z,2025-07-31T04:51:57Z,Python,1055,64,2128,2110
hasura/graphql-engine,2018-06-18T07:57:36Z,2025-08-20T20:07:36Z,TypeScript,2110,294,6379,4145
zeromicro/go-zero,2020-08-07T15:37:57Z,2025-08-20T19:57:17Z,Go,2321,140,1863,1642
yunjey/pytorch-tutorial,2017-03-10T07:41:47Z,2023-08-15T10:17:50Z,Python,28,0,180,114
open-mmlab/mmdetection,2018-08-22T07:06:06Z,2024-08-21T02:01:07Z,Python,2359,53,8497,6745
mouredev/Hello-Python,2022-08-03T17:14:53Z,2025-08-11T12:00:01Z,Python,0,0,293,275
RVC-Project/Retrieval-based-Voice-Conversion-WebUI,2023-03-27T09:59:10Z,2024-11-24T15:09:44Z,Python,475,7,1918,1297
floating-ui/floating-ui,2016-03-29T17:00:47Z,2025-07-30T09:17:03Z,TypeScript,1188,493,1456,1428
remix-run/remix,2020-10-26T19:57:28Z,2025-08-20T23:08:47Z,TypeScript,3441,175,2606,2602
qier222/YesPlayMusic,2020-10-09T10:04:21Z,2025-06-30T07:30:10Z,Vue,288,31,1799,1191
RSSNext/Folo,2024-04-08T03:23:35Z,2025-08-20T21:58:50Z,TypeScript,1254,70,2242,2045
niklasvh/html2canvas,2011-07-16T01:05:58Z,2024-07-18T07:26:56Z,TypeScript,186,45,2620,1660
kuchin/awesome-cto,2016-12-16T19:22:18Z,2025-08-03T09:52:36Z,N/A,18,0,11,11
amix/vimrc,2012-05-29T16:19:29Z,2024-10-06T08:26:02Z,Vim Script,107,0,522,510
labstack/echo,2015-03-01T17:43:01Z,2025-08-12T08:57:52Z,Go,592,109,1465,1392
ReactiveX/rxjs,2015-03-15T06:17:10Z,2025-02-23T20:54:32Z,TypeScript,2588,2,3160,2940
airbnb/lottie-web,2015-02-20T21:02:59Z,2025-07-07T09:33:03Z,JavaScript,136,0,2894,2125
microsoft/MS-DOS,2018-06-25T18:26:02Z,2024-04-25T22:32:47Z,Assembly,37,0,0,0
IceWhaleTech/CasaOS,2021-09-26T02:33:09Z,2025-08-06T08:54:04Z,Go,274,97,1555,880
servo/servo,2012-02-08T19:07:25Z,2025-08-20T22:55:42Z,HTML,20490,0,13996,10991
lutzroeder/netron,2010-12-26T12:53:43Z,2025-08-20T07:15:19Z,JavaScript,1,2,1222,1201
cockroachdb/cockroach,2014-02-06T00:18:47Z,2025-08-20T23:13:07Z,Go,67645,0,75634,69213
xyflow/xyflow,2019-07-15T14:47:30Z,2025-08-20T14:56:12Z,TypeScript,1402,350,2268,2187
backstage/backstage,2020-01-24T22:39:49Z,2025-08-20T22:02:44Z,TypeScript,18954,441,7052,6687
cursor/cursor,2023-03-12T00:19:42Z,2024-10-13T19:23:26Z,N/A,46,0,3235,1213
mli/paper-reading,2021-10-22T06:34:51Z,2025-03-22T03:49:35Z,N/A,15,0,0,0
google-ai-edge/mediapipe,2019-06-13T19:16:41Z,2025-08-20T16:20:10Z,C++,201,63,5471,5029
mqyqingfeng/Blog,2017-03-13T10:04:33Z,2025-03-12T12:27:25Z,N/A,3,0,361,100
ianstormtaylor/slate,2016-06-18T01:52:42Z,2025-08-15T14:27:35Z,TypeScript,1938,203,3195,2528
dokku/dokku,2013-06-08T10:26:57Z,2025-08-20T13:46:20Z,Shell,4154,300,2797,2753
OpenCut-app/OpenCut,2025-06-22T08:02:17Z,2025-08-19T21:24:09Z,TypeScript,179,0,181,70
lovell/sharp,2013-08-19T20:24:24Z,2025-08-18T09:33:52Z,JavaScript,301,99,3980,3864
0xAX/linux-insides,2015-01-03T18:44:57Z,2025-08-09T20:57:17Z,Python,579,0,189,153
mathiasbynens/dotfiles,2011-09-05T18:07:54Z,2024-08-05T19:06:13Z,Shell,44,0,392,254
coolsnowwolf/lede,2017-09-06T07:39:03Z,2025-08-20T10:48:08Z,C,2020,6,9146,8383
MonitorControl/MonitorControl,2017-09-16T21:13:40Z,2025-07-25T21:43:11Z,Swift,216,26,982,968
blueimp/jQuery-File-Upload,2010-12-01T15:35:32Z,2023-05-25T09:11:07Z,PHP,119,0,3307,3258
ocrmypdf/OCRmyPDF,2013-12-20T08:26:28Z,2025-08-18T20:43:41Z,Python,153,41,1269,1137
schollz/croc,2017-10-17T15:20:18Z,2025-08-12T17:16:51Z,Go,236,175,540,530
filebrowser/filebrowser,2015-09-11T21:21:58Z,2025-08-20T12:33:11Z,Go,607,97,2747,2726
kubernetes/minikube,2016-04-15T22:38:35Z,2025-08-20T18:09:22Z,Go,8781,151,10113,9607
1Panel-dev/1Panel,2022-07-19T15:44:52Z,2025-08-20T09:14:48Z,Go,3807,96,5383,4744
vadimdemedes/ink,2017-06-12T06:12:28Z,2025-08-19T14:23:11Z,TypeScript,233,62,375,302
derailed/k9s,2019-01-25T18:46:02Z,2025-08-20T15:06:05Z,Go,834,248,2138,1726
paperless-ngx/paperless-ngx,2022-02-12T21:56:52Z,2025-08-20T20:25:42Z,Python,2561,122,2102,2102
khoj-ai/khoj,2021-08-16T01:48:44Z,2025-08-18T23:42:46Z,Python,474,158,552,475
XTLS/Xray-core,2020-11-09T11:23:10Z,2025-08-20T18:17:37Z,Go,1014,90,2554,2543
alibaba/p3c,2017-06-23T06:15:51Z,2024-08-06T08:22:02Z,Kotlin,62,0,858,697
apache/kafka,2011-08-15T18:06:16Z,2025-08-20T14:20:54Z,Java,11804,0,0,0
codex-team/editor.js,2015-11-28T20:56:35Z,2025-04-30T16:52:33Z,TypeScript,863,102,1520,921
fish-shell/fish-shell,2012-05-10T03:00:55Z,2025-08-20T22:07:16Z,Rust,2145,48,7661,7185
donnemartin/interactive-coding-challenges,2015-04-28T21:36:39Z,2024-05-08T23:07:36Z,Python,176,0,69,32
anthropics/claude-code,2025-02-22T17:41:21Z,2025-08-20T18:09:29Z,TypeScript,59,0,6047,3281
SortableJS/Sortable,2013-12-19T10:10:13Z,2025-05-29T19:31:47Z,JavaScript,248,30,1817,1344
awesome-foss/awesome-sysadmin,2014-12-23T08:41:22Z,2025-07-27T09:54:59Z,N/A,329,0,102,88
juanfont/headscale,2020-06-21T09:21:05Z,2025-08-19T13:02:49Z,Go,1053,124,1091,997
Textualize/textual,2021-04-08T15:24:47Z,2025-08-20T20:53:46Z,Python,2176,185,2258,2074
ityouknow/spring-boot-examples,2016-11-05T05:32:33Z,2023-11-18T16:32:16Z,Java,7,0,109,99
google/comprehensive-rust,2022-12-21T15:17:24Z,2025-08-20T17:41:47Z,Rust,2173,0,345,235
k3s-io/k3s,2018-05-31T01:37:46Z,2025-08-18T12:49:50Z,Go,4067,885,6937,6821
microsoft/calculator,2019-01-28T17:55:49Z,2025-08-20T09:41:17Z,C++,899,0,1114,717
nextcloud/server,2016-06-02T07:44:14Z,2025-08-20T21:30:37Z,PHP,28150,349,20204,17939
utmapp/UTM,2019-04-12T16:09:24Z,2025-08-19T21:25:23Z,Swift,266,122,3421,2538
influxdata/influxdb,2013-09-26T14:31:10Z,2025-08-20T22:34:11Z,Rust,10605,93,14012,11956
symfony/symfony,2010-01-04T14:21:21Z,2025-08-20T10:59:39Z,PHP,24280,555,21229,20674
parallax/jsPDF,2009-12-06T14:56:32Z,2025-03-20T08:54:17Z,JavaScript,717,35,2559,2444
microsoft/Data-Science-For-Beginners,2021-03-03T16:30:15Z,2025-08-07T12:15:51Z,Jupyter Notebook,308,0,121,95
huggingface/diffusers,2022-05-30T16:04:02Z,2025-08-20T15:49:19Z,Python,4996,86,4971,4412
openai/CLIP,2020-12-16T11:24:42Z,2024-07-23T01:30:44Z,Jupyter Notebook,28,0,435,193
ascoders/weekly,2017-03-20T06:10:04Z,2024-09-09T01:39:37Z,JavaScript,136,193,366,363
webtorrent/webtorrent,2013-10-15T08:16:40Z,2025-08-19T14:35:07Z,JavaScript,963,228,1663,1598
TriliumNext/Trilium,2017-05-23T00:30:20Z,2025-08-20T20:53:21Z,TypeScript,616,334,4574,3490
gkd-kit/gkd,2023-07-04T03:59:15Z,2025-08-19T03:10:18Z,Kotlin,6,53,661,648
fabricjs/fabric.js,2010-06-09T22:24:38Z,2025-08-03T14:24:30Z,TypeScript,2343,174,6183,5761
facebook/rocksdb,2012-11-30T06:16:18Z,2025-08-20T19:05:02Z,C++,609,206,3405,2636
medusajs/medusa,2020-01-18T13:39:04Z,2025-08-20T18:27:17Z,TypeScript,7457,128,3265,3166
layui/layui,2015-09-22T08:12:03Z,2025-07-31T07:28:42Z,JavaScript,590,158,1363,1297
Binaryify/NeteaseCloudMusicApi,2016-06-22T11:58:03Z,2024-02-28T02:47:42Z,N/A,292,0,1337,1190
iawia002/lux,2018-02-24T11:29:03Z,2025-07-02T05:55:20Z,Go,300,86,1059,540
tqdm/tqdm,2015-06-03T13:13:14Z,2025-05-22T12:10:29Z,Python,287,131,1026,587
umami-software/umami,2020-07-17T07:59:00Z,2025-08-19T23:20:37Z,TypeScript,799,99,1836,1763
docsifyjs/docsify,2016-11-20T07:55:43Z,2025-08-09T06:08:49Z,JavaScript,730,15,1287,1198
linexjlin/GPTs,2023-11-11T03:24:16Z,2024-09-27T03:31:47Z,N/A,42,0,28,21
exo-explore/exo,2024-06-24T18:36:22Z,2025-03-21T22:23:32Z,Python,207,12,506,146
alpinejs/alpine,2019-11-28T13:51:55Z,2025-08-06T18:42:43Z,HTML,657,137,612,612
joshbuchea/HEAD,2016-04-20T20:05:37Z,2024-06-21T17:54:29Z,N/A,86,0,93,73
AMAI-GmbH/AI-Expert-Roadmap,2020-10-24T21:49:40Z,2023-12-31T02:20:16Z,JavaScript,13,0,66,46
numpy/numpy,2010-09-13T23:02:39Z,2025-08-20T21:11:18Z,Python,13091,132,13494,11393
s0md3v/roop,2023-05-28T14:37:54Z,2024-08-19T12:57:17Z,Python,80,6,0,0
sequelize/sequelize,2010-07-22T07:11:11Z,2025-08-19T14:45:50Z,TypeScript,4961,487,10402,9511
tatsu-lab/stanford_alpaca,2023-03-10T23:33:09Z,2024-07-17T09:43:05Z,Python,5,0,268,98
OWASP/CheatSheetSeries,2018-12-21T14:26:43Z,2025-08-12T13:17:16Z,Python,1076,0,528,487
DioxusLabs/dioxus,2021-01-15T01:57:26Z,2025-08-20T21:35:04Z,Rust,1768,25,2056,1629
OAI/OpenAPI-Specification,2014-03-03T16:53:36Z,2025-08-20T15:55:11Z,Markdown,1579,12,2364,2224
GyulyVGC/sniffnet,2022-07-31T21:55:56Z,2025-08-20T16:19:00Z,Rust,430,14,280,239
transloadit/uppy,2015-11-16T12:32:33Z,2025-08-20T10:47:06Z,TypeScript,3101,202,2448,2292
chinabugotech/hutool,2014-04-13T07:23:51Z,2025-08-20T09:48:58Z,Java,452,152,2986,2981
Lightning-AI/pytorch-lightning,2019-03-31T00:45:57Z,2025-08-19T16:40:45Z,Python,9081,167,7399,6479
pathwaycom/llm-app,2023-07-19T08:43:37Z,2025-07-30T12:13:39Z,Jupyter Notebook,47,0,17,12
tinygrad/tinygrad,2020-10-18T16:23:12Z,2025-08-20T21:39:56Z,Python,7927,13,975,844
VincentGarreau/particles.js,2014-09-06T14:29:47Z,2024-03-28T03:21:07Z,JavaScript,21,6,411,106
surrealdb/surrealdb,2021-12-09T15:03:29Z,2025-08-20T18:47:43Z,Rust,2143,92,2157,1471
drizzle-team/drizzle-orm,2021-06-24T09:03:05Z,2025-08-19T14:23:47Z,TypeScript,610,146,3126,1693
square/leakcanary,2015-04-29T23:54:16Z,2025-08-05T05:43:50Z,Kotlin,921,43,1636,1510
foundation/foundation-sites,2011-10-13T23:05:42Z,2025-01-21T22:11:53Z,HTML,2958,79,8236,8179
AdguardTeam/AdGuardHome,2016-07-06T10:31:47Z,2025-08-20T15:00:06Z,Go,124,214,5762,4631
herrbischoff/awesome-macos-command-line,2015-09-22T19:37:55Z,2021-09-02T13:26:37Z,N/A,104,0,0,0
DevToys-app/DevToys,2021-09-29T01:40:41Z,2025-08-18T10:04:23Z,C#,497,38,933,658
restic/restic,2014-04-27T14:07:58Z,2025-08-07T11:28:17Z,Go,2184,48,2815,2392
jobbole/awesome-python-cn,2015-11-03T09:50:50Z,2022-08-29T11:28:59Z,Makefile,51,0,31,18
vuejs/vue-cli,2015-12-26T23:11:20Z,2025-02-24T14:34:18Z,JavaScript,1258,177,5497,4563
cheeriojs/cheerio,2011-10-09T04:23:20Z,2025-08-20T05:22:27Z,TypeScript,2840,61,1220,1199
facebook/folly,2012-06-01T20:49:04Z,2025-08-20T20:01:43Z,C++,13,254,1224,931
nothings/stb,2014-05-25T16:51:23Z,2025-05-26T12:14:09Z,C,288,0,893,694
trailofbits/algo,2016-05-15T03:42:48Z,2025-08-18T02:12:24Z,Python,575,2,1619,1534
wailsapp/wails,2018-12-15T23:14:06Z,2025-08-19T22:21:39Z,Go,1503,242,2123,1865
JushBJJ/Mr.-Ranedeer-AI-Tutor,2023-03-31T12:37:26Z,2025-06-14T06:58:48Z,N/A,18,3,47,34
microsoft/WSL,2016-04-06T17:32:56Z,2025-08-20T22:26:59Z,C++,137,94,11730,10708
hyprwm/Hyprland,2022-03-16T19:49:13Z,2025-08-20T11:01:35Z,C++,1879,96,7270,7210
apolloconfig/apollo,2016-03-04T10:24:23Z,2025-08-09T01:57:05Z,Java,1449,41,3352,3212
vbenjs/vue-vben-admin,2020-07-11T02:29:21Z,2025-08-20T04:40:49Z,Vue,1634,60,3594,3469
nicolargo/glances,2011-12-04T08:49:15Z,2025-08-17T16:34:38Z,Python,743,51,2058,1933
elsewhencode/project-guidelines,2017-06-30T10:17:55Z,2024-12-09T07:59:04Z,JavaScript,113,0,38,29
motiondivision/motion,2018-11-16T09:48:38Z,2025-08-13T14:31:24Z,TypeScript,1061,0,1857,1570
react-boilerplate/react-boilerplate,2015-02-18T14:36:32Z,2023-03-23T21:35:09Z,JavaScript,715,16,1909,1823
aosabook/500lines,2013-11-04T02:02:53Z,2023-08-19T11:18:34Z,JavaScript,175,0,70,41
ariya/phantomjs,2010-12-27T08:18:58Z,2022-11-26T19:43:12Z,C++,562,0,4745,4731
mantinedev/mantine,2021-01-07T14:02:19Z,2025-08-20T19:29:01Z,TypeScript,1491,271,3244,3221
pmndrs/react-three-fiber,2019-02-25T14:31:51Z,2025-08-20T04:39:19Z,TypeScript,651,125,1121,1040
encode/django-rest-framework,2011-03-02T17:13:56Z,2025-08-16T07:10:06Z,Python,3020,21,3945,3887
heyverse/hey,2022-03-19T15:01:46Z,2025-08-20T11:50:23Z,TypeScript,3765,0,0,0
IanLunn/Hover,2014-01-02T14:27:35Z,2023-10-28T16:07:33Z,SCSS,23,10,107,83
tokio-rs/tokio,2016-09-09T22:31:36Z,2025-08-19T11:42:56Z,Rust,3596,138,2521,2186
AllThingsSmitty/css-protips,2015-08-29T12:29:03Z,2025-03-20T14:10:02Z,N/A,73,0,62,61
standard/standard,2015-01-27T01:23:31Z,2025-07-11T08:28:23Z,JavaScript,411,7,1232,1122
alibaba/canal,2013-01-13T10:59:52Z,2025-08-06T02:18:43Z,Java,473,32,4730,3571
GoogleChrome/lighthouse,2016-03-08T01:03:11Z,2025-08-13T19:28:55Z,JavaScript,5465,125,9181,8690
danny-avila/LibreChat,2023-02-12T01:06:52Z,2025-08-20T22:00:53Z,TypeScript,2134,58,3260,3105
hashicorp/consul,2013-11-04T22:15:27Z,2025-08-20T18:19:23Z,Go,13730,217,5537,4270
ageron/handson-ml2,2019-01-08T03:49:07Z,2024-06-13T08:10:24Z,Jupyter Notebook,64,0,517,300
xuxueli/xxl-job,2015-11-28T12:59:34Z,2025-07-19T19:52:57Z,Java,113,38,3232,3008
lukehoban/es6features,2014-03-03T18:29:30Z,2023-01-27T13:36:18Z,N/A,41,0,57,36
realpython/python-guide,2011-03-15T03:24:20Z,2024-07-29T18:49:10Z,Batchfile,683,0,279,180
iperov/DeepFaceLive,2020-12-15T12:19:22Z,2024-11-08T03:07:42Z,Python,13,35,144,143
GorvGoyl/Clone-Wars,2020-12-02T11:10:16Z,2024-08-06T12:31:36Z,N/A,130,0,82,70
keycloak/keycloak,2013-07-02T13:38:51Z,2025-08-20T21:45:28Z,Java,17523,87,15242,13257
firecracker-microvm/firecracker,2017-10-19T06:18:47Z,2025-08-20T14:03:14Z,Rust,3186,78,1453,1405
spf13/viper,2014-04-02T14:33:33Z,2025-08-16T07:30:22Z,Go,507,34,902,490
kodecocodes/swift-algorithm-club,2016-01-26T17:56:12Z,2024-12-06T07:03:07Z,Swift,610,0,215,183
XIU2/TrackersListCollection,2019-10-03T15:55:07Z,2025-08-20T16:10:07Z,N/A,7,0,0,0
google-research/tuning_playbook,2023-01-18T23:32:32Z,2024-06-18T00:25:53Z,N/A,14,0,45,34
sampotts/plyr,2015-02-14T11:33:07Z,2024-06-29T18:16:28Z,JavaScript,384,88,2103,1221
composer/composer,2011-06-08T08:53:00Z,2025-08-20T19:04:34Z,PHP,2952,214,7875,7756
CSSEGISandData/COVID-19,2020-02-04T22:03:53Z,2023-06-10T18:39:00Z,N/A,2152,0,3759,2079
refined-github/refined-github,2016-02-15T16:45:02Z,2025-08-12T05:14:20Z,TypeScript,3427,173,4513,4371
ajeetdsouza/zoxide,2020-03-05T13:11:40Z,2025-08-16T04:27:05Z,Rust,226,36,682,580
wuyouzhuguli/SpringAll,2018-05-02T02:48:44Z,2024-05-31T14:56:35Z,Java,1,0,48,27
meta-llama/llama3,2024-03-15T17:57:00Z,2025-01-26T21:39:06Z,Python,23,0,293,119
postcss/postcss,2013-09-24T23:06:48Z,2025-08-20T10:02:29Z,TypeScript,760,268,1025,998
pmndrs/react-spring,2018-03-07T15:39:32Z,2025-08-20T22:57:43Z,TypeScript,437,52,1259,1143
Pierian-Data/Complete-Python-3-Bootcamp,2018-02-12T19:30:10Z,2025-06-24T04:54:16Z,Jupyter Notebook,12,0,369,225
tastejs/todomvc,2011-06-03T19:56:33Z,2025-06-23T17:35:04Z,JavaScript,760,6,784,661
dragonflydb/dragonfly,2021-12-11T10:00:42Z,2025-08-20T13:28:37Z,C++,3313,107,1843,1577
StevenBlack/hosts,2012-04-12T20:22:50Z,2025-08-19T14:18:14Z,Python,486,780,2112,1999
alibaba/spring-cloud-alibaba,2017-12-01T20:49:15Z,2025-08-20T15:21:02Z,Java,1077,48,2500,2302
wesbos/JavaScript30,2016-12-07T19:15:31Z,2025-01-07T12:29:05Z,HTML,153,0,0,0
cfenollosa/os-tutorial,2014-09-29T08:39:34Z,2024-07-25T10:57:29Z,C,11,0,180,105
Ebazhanov/linkedin-skill-assessments-quizzes,2019-07-13T19:52:56Z,2025-05-22T16:17:12Z,N/A,5638,1,891,807
statelyai/xstate,2015-09-14T15:04:15Z,2025-08-20T20:40:28Z,TypeScript,1975,442,1396,1288
kenwheeler/slick,2014-03-24T02:10:05Z,2025-07-26T22:05:56Z,JavaScript,258,48,3620,2421
kovidgoyal/kitty,2016-10-16T14:48:28Z,2025-08-20T21:23:33Z,Python,1131,128,6270,6260
feder-cr/Jobs_Applier_AI_Agent_AIHawk,2024-08-04T12:15:06Z,2025-05-28T13:24:12Z,Python,185,0,674,663
ZuzooVn/machine-learning-for-software-engineers,2016-10-09T21:20:25Z,2024-06-11T04:49:29Z,N/A,60,0,26,9
microsoft/qlib,2020-08-14T06:46:00Z,2025-08-19T09:46:10Z,Python,725,23,980,724
grafana/k6,2016-03-21T15:30:24Z,2025-08-20T15:27:42Z,Go,2159,77,2390,1671
immerjs/immer,2017-12-29T12:25:47Z,2024-09-19T07:46:06Z,JavaScript,374,109,668,633
PostHog/posthog,2020-01-23T22:46:58Z,2025-08-20T23:14:37Z,Python,25042,19,7686,5554
AvaloniaUI/Avalonia,2013-12-05T20:13:21Z,2025-08-20T11:48:58Z,C#,5316,110,7867,6157
donnemartin/data-science-ipython-notebooks,2015-01-23T19:38:29Z,2024-03-20T13:52:34Z,Python,31,0,41,22
valinet/ExplorerPatcher,2021-08-09T14:17:24Z,2025-07-28T17:07:07Z,C,18,288,2465,2194
vercel/turborepo,2021-10-05T17:37:11Z,2025-08-18T22:58:57Z,Rust,6221,496,1937,1806
shengxinjing/programmer-job-blacklist,2016-06-25T06:09:10Z,2024-06-09T14:56:42Z,Shell,28,0,338,181
continuedev/continue,2023-05-24T03:39:39Z,2025-08-20T23:15:27Z,TypeScript,2817,386,3654,2919
sunface/rust-course,2018-08-07T05:01:21Z,2025-07-08T03:48:57Z,Rust,783,0,209,149
vuejs/vuex,2015-07-16T04:21:26Z,2024-09-25T13:26:41Z,JavaScript,656,51,1264,1165
jumpserver/jumpserver,2014-07-04T03:54:59Z,2025-08-20T10:50:36Z,Python,7532,249,7316,7284
openai/openai-python,2020-10-25T23:23:54Z,2025-08-20T15:23:48Z,Python,994,319,1079,989
containers/podman,2017-11-01T15:01:27Z,2025-08-20T20:07:35Z,Go,11704,228,10029,9245
codepath/android_guides,2013-06-19T10:24:45Z,2024-12-31T19:40:50Z,N/A,9,0,381,219
helm/helm,2015-10-06T01:07:32Z,2025-08-20T21:18:54Z,Go,4107,216,8143,7668
openssl/openssl,2013-01-15T22:34:48Z,2025-08-20T14:15:12Z,C,145,283,10748,9235
jamiebuilds/the-super-tiny-compiler,2016-03-11T04:19:18Z,2024-02-19T12:33:21Z,JavaScript,20,0,0,0
telegramdesktop/tdesktop,2014-05-02T12:36:31Z,2025-08-18T19:34:07Z,C++,1745,798,15239,14357
viraptor/reverse-interview,2019-09-08T13:38:40Z,2025-02-19T22:41:18Z,N/A,75,0,25,18
MichaelCade/90DaysOfDevOps,2021-12-26T13:55:18Z,2025-06-04T02:09:07Z,Shell,358,2,89,80
VSCodium/vscodium,2018-08-13T14:26:58Z,2025-08-18T20:12:49Z,Shell,549,239,1509,1390
eugeneyan/applied-ml,2020-07-04T18:57:47Z,2024-07-18T22:41:02Z,N/A,208,0,24,22
caolan/async,2010-06-01T21:01:30Z,2025-08-14T19:06:53Z,JavaScript,558,7,1142,1132
LizardByte/Sunshine,2021-12-15T23:38:57Z,2025-08-20T12:38:28Z,C++,1469,43,1062,984
GitbookIO/gitbook,2014-03-31T03:01:56Z,2025-08-20T17:14:36Z,TypeScript,1294,75,1910,1882
linera-io/linera-protocol,2021-12-19T04:09:21Z,2025-08-20T21:06:27Z,Rust,2677,18,1246,761
digitalocean/nginxconfig.io,2018-01-05T14:21:14Z,2024-12-14T10:56:21Z,JavaScript,191,0,239,184
alibaba/druid,2011-11-03T05:12:51Z,2025-08-14T03:03:02Z,Java,1517,51,4537,2285
jashkenas/backbone,2010-09-30T19:41:28Z,2025-04-01T11:14:31Z,JavaScript,881,0,2406,2364
NginxProxyManager/nginx-proxy-manager,2017-12-20T23:01:16Z,2025-08-20T00:57:28Z,JavaScript,526,77,2999,2085
dnSpy/dnSpy,2015-07-01T16:05:10Z,2020-12-20T23:55:15Z,C#,53,1,0,0
swagger-api/swagger-ui,2011-07-15T22:56:39Z,2025-08-19T09:59:46Z,JavaScript,3306,376,5636,4426
datalab-to/marker,2023-10-30T20:14:08Z,2025-08-20T18:59:23Z,Python,199,63,556,291
acheong08/ChatGPT,2022-12-03T14:35:24Z,2023-08-02T06:02:10Z,Python,292,277,803,792
zhiwehu/Python-programming-exercises,2012-06-14T07:56:46Z,2025-04-28T14:03:44Z,N/A,0,0,85,17
python-telegram-bot/python-telegram-bot,2015-07-07T15:30:39Z,2025-08-19T18:31:23Z,Python,1636,127,2279,2264
mobxjs/mobx,2015-03-14T14:31:38Z,2025-06-15T19:59:49Z,TypeScript,1152,113,1971,1914
JedWatson/react-select,2014-08-26T04:27:45Z,2025-07-11T12:49:28Z,TypeScript,1054,61,3629,3249
nagadomi/waifu2x,2015-05-17T07:29:15Z,2023-05-04T00:50:48Z,Lua,68,3,368,216
aquasecurity/trivy,2019-04-11T01:01:07Z,2025-08-20T14:07:27Z,Go,3180,171,2910,2750
ChartsOrg/Charts,2015-03-20T10:49:12Z,2025-05-13T04:45:38Z,Swift,427,38,4278,3388
lenve/vhr,2018-01-04T08:57:51Z,2024-11-25T00:07:39Z,Java,1,0,254,97
google/python-fire,2017-02-21T21:35:07Z,2025-08-16T21:26:05Z,Python,135,12,332,207
frappe/erpnext,2011-06-08T08:20:56Z,2025-08-20T17:26:06Z,Python,26438,1000,16766,14503
tailwindlabs/headlessui,2020-09-16T09:53:09Z,2025-07-30T14:03:47Z,TypeScript,619,127,1398,1288
qianguyihao/Web,2017-01-03T11:44:33Z,2025-02-24T05:21:42Z,N/A,0,0,226,156
geekcompany/ResumeSample,2014-09-08T08:08:13Z,2024-08-14T10:20:23Z,N/A,2,0,0,0
t3-oss/create-t3-app,2022-05-24T13:31:01Z,2025-06-09T23:21:36Z,TypeScript,1114,138,738,675
raysan5/raylib,2013-10-24T15:46:04Z,2025-08-20T14:40:22Z,C,2159,24,2030,2009
michalsnik/aos,2015-07-09T17:49:00Z,2024-03-26T15:58:43Z,JavaScript,38,0,704,360
nginx/nginx,2015-06-23T10:26:27Z,2025-08-19T11:47:51Z,C,95,8,346,172
CamDavidsonPilon/Probabilistic-Programming-and-Bayesian-Methods-for-Hackers,2013-01-14T15:46:28Z,2024-06-25T20:42:58Z,Jupyter Notebook,243,0,247,90
getredash/redash,2013-10-28T13:19:39Z,2025-08-08T17:38:22Z,Python,3255,100,2572,1956
kingToolbox/WindTerm,2019-10-09T19:56:09Z,2025-03-11T19:12:09Z,C,1,32,2743,564
BerriAI/litellm,2023-07-27T00:09:52Z,2025-08-20T22:36:42Z,Python,5300,987,6546,5683
YMFE/yapi,2016-05-30T09:09:09Z,2024-08-12T09:29:34Z,JavaScript,141,1,2458,922
sxyazi/yazi,2023-07-08T11:45:55Z,2025-08-19T14:14:34Z,Rust,952,27,1414,1372
JaidedAI/EasyOCR,2020-03-14T11:46:39Z,2024-09-24T11:24:36Z,Python,177,23,1071,607
flameshot-org/flameshot,2017-05-10T19:44:51Z,2025-08-20T00:45:02Z,C++,964,30,2758,2093
tj/commander.js,2011-08-14T21:33:58Z,2025-08-18T07:36:37Z,JavaScript,827,83,1138,1131
imDazui/Tvlist-awesome-m3u-m3u8,2017-02-18T03:59:25Z,2023-12-24T09:46:43Z,N/A,1,0,73,49
svc-develop-team/so-vits-svc,2023-03-10T09:31:09Z,2023-11-11T13:11:31Z,Python,153,0,130,109
